1,780,511
2,819,377
3,869,267
4,928,181
5,994,125
6,1068,103
7,1149,115
8,1228,153
9,1312,227
10,1393,329
11,1466,451
12,1538,603
13,1598,769
14,1647,945
15,1689,1133
16,1720,1329
17,1733,1515
18,1735,1697
19,1721,1867
20,1698,2023
21,1650,2145
22,1597,2251
23,1538,2333
24,1469,2383
25,1390,2401
26,1310,2387
27,1223,2339
28,1144,2269
29,1065,2167
30,991,2041
31,924,1893
32,865,1725
33,813,1543
34,777,1357
35,750,1163
36,742,977
37,743,795
38,764,629
39,789,473
40,831,345
41,884,241
42,942,161
43,1013,115
44,1086,99
45,1170,123
46,1252,171
47,1339,255
48,1412,357
49,1486,491
50,1551,643
51,1615,817
52,1662,997
53,1702,1189
54,1725,1379
55,1734,1565
56,1731,1743
57,1714,1909
58,1678,2049
59,1639,2179
60,1586,2281
61,1522,2351
62,1449,2391
63,1371,2403
64,1276,2367
65,1203,2325
66,1124,2247
67,1046,2137
68,973,2005
69,907,1851
70,852,1681
71,803,1495
72,771,1309
73,752,1121
74,744,931
75,750,753
76,769,587
77,799,439
78,846,319
79,899,219
80,965,153
81,1035,113
82,1113,111
83,1184,125
84,1274,193
85,1356,281
86,1433,395
87,1506,533
88,1574,693
89,1632,869
90,1676,1051
91,1712,1243
92,1731,1433
93,1735,1613
94,1726,1787
95,1709,1951
96,1673,2091
97,1629,2213
98,1571,2305
99,1505,2369
100,1426,2397
101,1350,2401
102,1264,2369
103,1185,2313
104,1105,2223
105,1028,2109
106,956,1969
107,894,1811
108,841,1637
109,795,1449
110,766,1261
111,750,1073
112,747,889
113,755,709
114,779,551
115,812,407
116,858,289
117,916,199
118,984,143
119,1055,111
120,1134,115
121,1211,145
122,1297,215
123,1377,309
124,1457,433
125,1528,577
126,1590,739
127,1644,917
128,1686,1103
129,1716,1293
130,1732,1481
131,1737,1665
132,1727,1837
133,1702,1993
134,1663,2125
135,1615,2241
136,1556,2327
137,1486,2381
138,1409,2405
139,1331,2401
140,1247,2361
141,1165,2293
142,1085,2197
143,1008,2075
144,936,1927
145,876,1765
146,827,1589
147,789,1405
148,762,1213
149,749,1025
150,749,841
151,761,669
152,786,511
153,825,375
154,877,269
155,934,183
156,1005,133
157,1079,111
158,1158,125
159,1234,161
160,1321,239
161,1404,345
162,1483,477
163,1542,615
164,1607,787
165,1656,965
166,1696,1151
167,1723,1343
168,1738,1535
169,1737,1711
170,1725,1883
171,1691,2027
172,1655,2163
173,1599,2265
174,1537,2343
175,1468,2391
176,1394,2411
177,1311,2393
178,1225,2345
179,1142,2269
180,1065,2167
181,990,2039
182,923,1887
183,866,1723
184,818,1541
185,782,1355
186,758,1163
187,746,973
188,750,793
189,765,623
190,798,475
191,841,349
192,892,243
193,953,167
194,1025,125
195,1098,111
196,1177,129
197,1265,187
198,1345,267
199,1423,375
200,1498,509
201,1565,665
202,1622,835
203,1669,1015
204,1710,1209
205,1731,1397
206,1743,1587
207,1735,1759
208,1717,1925
209,1683,2067
210,1641,2195
211,1586,2293
212,1523,2363
213,1450,2403
214,1370,2409
215,1283,2381
216,1204,2331
217,1122,2247
218,1045,2137
219,972,2003
220,910,1851
221,854,1679
222,805,1493
223,773,1305
224,754,1113
225,748,929
226,760,755
227,779,591
228,807,439
229,852,317
230,908,223
231,971,155
232,1043,119
233,1120,115
234,1206,149
235,1286,205
236,1367,295
237,1443,411
238,1515,549
239,1580,709
240,1643,893
241,1682,1069
242,1717,1261
243,1736,1451
244,1738,1631
245,1734,1809
246,1713,1969
247,1676,2107
248,1630,2227
249,1572,2317
250,1505,2379
251,1434,2413
252,1350,2409
253,1266,2377
254,1183,2315
255,1104,2225
256,1028,2109
257,958,1971
258,894,1809
259,840,1633
260,797,1447
261,769,1259
262,753,1069
263,750,885
264,760,709
265,784,549
266,820,409
267,866,291
268,925,205
269,992,145
270,1073,127
271,1143,123
272,1224,159
273,1306,225
274,1386,323
275,1463,445
276,1536,593
277,1597,755
278,1653,935
279,1695,1121
280,1722,1309
281,1738,1497
282,1740,1679
283,1728,1849
284,1696,1997
285,1667,2141
286,1616,2251
287,1554,2333
288,1488,2391
289,1410,2411
290,1330,2403
291,1247,2363
292,1164,2293
293,1084,2193
294,1008,2071
295,943,1929
296,878,1759
297,829,1583
298,791,1397
299,763,1205
300,752,1017
301,752,835
302,764,661
303,791,505
304,831,373
305,882,265
306,943,185
307,1011,133
308,1085,113
309,1164,125
310,1245,171
311,1327,245
312,1408,351
313,1484,479
314,1552,629
315,1613,799
316,1664,979
317,1701,1165
318,1728,1355
319,1740,1545
320,1741,1725
321,1725,1893
322,1700,2047
323,1653,2169
324,1599,2271
325,1535,2345
326,1467,2395
327,1390,2409
328,1322,2407
329,1223,2343
330,1142,2267
331,1065,2163
332,987,2029
333,918,1877
334,864,1711
335,820,1535
336,784,1347
337,759,1153
338,750,965
339,752,783
340,771,617
341,803,469
342,842,337
343,897,237
344,960,165
345,1028,121
346,1105,111
347,1190,139
348,1265,183
349,1350,271
350,1431,383
351,1502,515
352,1568,671
353,1630,847
354,1675,1027
355,1710,1217
356,1734,1407
357,1744,1595
358,1734,1767
359,1718,1933
360,1687,2079
361,1639,2197
362,1583,2293
363,1519,2363
364,1448,2403
365,1369,2409
366,1290,2387
367,1201,2325
368,1119,2239
369,1042,2129
370,970,1993
371,906,1837
372,859,1675
373,808,1485
374,771,1291
375,755,1103
376,750,917
377,753,735
378,779,577
379,814,433
380,855,309
381,912,217
382,977,151
383,1046,115
384,1124,113
385,1210,149
386,1292,209
387,1371,297
388,1448,415
389,1523,559
390,1583,715
391,1643,895
392,1687,1077
393,1720,1271
394,1739,1461
395,1743,1641
396,1734,1815
397,1712,1973
398,1676,2113
399,1629,2229
400,1570,2319
401,1503,2379
402,1425,2405
403,1347,2405
404,1267,2377
405,1181,2307
406,1102,2217
407,1025,2099
408,953,1955
409,893,1797
410,842,1623
411,798,1435
412,768,1243
413,754,1057
414,749,869
415,763,697
416,795,545
417,825,401
418,873,287
419,928,197
420,997,141
421,1071,115
422,1150,121
423,1232,163
424,1312,227
425,1394,327
426,1471,451
427,1536,593
428,1602,761
429,1658,943
430,1698,1127
431,1726,1319
432,1738,1503
433,1742,1685
434,1730,1857
435,1709,2017
436,1664,2143
437,1616,2255
438,1555,2337
439,1484,2387
440,1406,2407
441,1326,2397
442,1244,2357
443,1160,2285
444,1081,2185
445,1006,2061
446,932,1907
447,875,1745
448,826,1569
449,792,1385
450,764,1191
451,752,1003
452,755,823
453,768,651
454,794,495
455,835,363
456,885,257
457,948,179
458,1016,129
459,1093,115
460,1174,131
461,1252,175
462,1334,249
463,1411,353
464,1492,489
465,1557,639
466,1618,809
467,1669,991
468,1705,1175
469,1731,1367
470,1743,1555
471,1735,1727
472,1725,1901
473,1697,2051
474,1651,2173
475,1598,2277
476,1532,2349
477,1462,2395
478,1385,2407
479,1304,2391
480,1220,2341
481,1140,2261
482,1057,2153
483,984,2021
484,918,1869
485,866,1707
486,817,1523
487,782,1335
488,759,1141
489,751,955
490,754,775
491,772,607
492,806,461
493,847,333
494,900,233
495,964,163
496,1034,121
497,1109,111
498,1192,137
499,1274,193
500,1360,281
501,1434,389
502,1508,525
503,1574,683
504,1632,855
505,1679,1039
506,1714,1229
507,1734,1417
508,1745,1605
509,1739,1781
510,1717,1941
511,1684,2085
512,1637,2205
513,1580,2297
514,1516,2367
515,1444,2403
516,1364,2407
517,1284,2385
518,1198,2323
519,1116,2237
520,1038,2121
521,965,1983
522,901,1827
523,853,1661
524,805,1473
525,774,1285
526,752,1091
527,749,907
528,761,733
529,787,575
530,816,427
531,860,305
532,915,211
533,981,149
534,1054,115
535,1131,115
536,1213,149
537,1296,211
538,1376,303
539,1453,421
540,1525,563
541,1588,725
542,1643,901
543,1689,1089
544,1720,1277
545,1739,1469
546,1744,1651
547,1732,1823
548,1714,1985
549,1672,2117
550,1624,2233
551,1565,2319
552,1495,2375
553,1423,2407
554,1340,2399
555,1258,2367
556,1173,2299
557,1097,2211
558,1017,2085
559,951,1947
560,888,1783
561,835,1607
562,793,1419
563,765,1231
564,750,1041
565,749,857
566,759,681
567,789,529
568,828,393
569,872,277
570,930,189
571,998,135
572,1073,111
573,1158,127
574,1232,161
575,1315,231
576,1395,331
577,1471,455
578,1541,605
579,1604,773
580,1656,949
581,1695,1135
582,1725,1327
583,1740,1517
584,1740,1697
585,1725,1865
586,1698,2017
587,1660,2151
588,1608,2257
589,1547,2339
590,1478,2391
591,1399,2407
592,1315,2391
593,1237,2355
594,1153,2279
595,1073,2177
596,998,2051
597,930,1903
598,870,1737
599,820,1559
600,784,1371
601,759,1179
602,750,993
603,756,817
604,766,641
605,795,489
606,835,357
607,884,249
608,952,179
609,1018,127
610,1090,109
611,1171,127
612,1255,179
613,1338,257
614,1413,359
615,1489,493
616,1558,647
617,1616,815
618,1665,997
619,1705,1189
620,1727,1377
621,1738,1565
622,1735,1741
623,1721,1909
624,1689,2055
625,1646,2181
626,1592,2283
627,1531,2359
628,1455,2397
629,1378,2407
630,1294,2385
631,1212,2337
632,1132,2257
633,1052,2147
634,979,2017
635,910,1859
636,852,1687
637,810,1511
638,777,1323
639,757,1133
640,745,941
641,752,763
642,774,601
643,800,449
644,849,329
645,903,231
646,966,161
647,1039,123
648,1112,113
649,1188,133
650,1273,195
651,1355,279
652,1435,397
653,1509,535
654,1576,695
655,1626,859
656,1676,1047
657,1711,1239
658,1731,1429
659,1735,1607
660,1733,1789
661,1717,1957
662,1676,2091
663,1632,2213
664,1573,2305
665,1507,2369
666,1434,2403
667,1358,2409
668,1272,2377
669,1193,2323
670,1109,2231
671,1029,2115
672,959,1977
673,895,1819
674,840,1643
675,800,1463
676,770,1275
677,749,1081
678,747,897
679,755,719
680,768,549
681,813,417
682,860,299
683,917,209
684,982,147
685,1054,115
686,1130,115
687,1213,151
688,1295,215
689,1379,313
690,1453,429
691,1525,573
692,1589,735
693,1638,905
694,1685,1097
695,1716,1287
696,1735,1479
697,1740,1661
698,1729,1833
699,1699,1983
700,1666,2125
701,1615,2237
702,1557,2323
703,1490,2381
704,1414,2407
705,1305,2369
706,1251,2367
707,1169,2299
708,1087,2203
709,1010,2079
710,938,1933
711,882,1775
712,829,1597
713,789,1411
714,760,1219
715,748,1031
716,745,845
717,761,675
718,782,515
719,825,383
720,873,271
721,932,187
722,998,133
723,1074,111
724,1144,111
725,1235,163
726,1319,237
727,1400,341
728,1474,465
729,1539,609
730,1603,779
731,1655,957
732,1696,1147
733,1723,1337
734,1739,1527
735,1735,1703
736,1721,1871
737,1695,2023
738,1654,2155
739,1603,2261
740,1539,2339
741,1471,2389
742,1393,2407
743,1307,2387
744,1225,2345
745,1144,2271
746,1066,2169
747,993,2041
748,925,1893
749,854,1711
750,817,1545
751,778,1355
752,756,1167
753,747,979
754,749,799
755,765,629
756,794,477
757,835,347
758,886,241
759,946,165
760,1017,119
761,1095,109
762,1171,123
763,1256,177
764,1339,257
765,1420,369
766,1489,497
767,1560,655
768,1614,819
769,1668,1005
770,1706,1197
771,1729,1387
772,1738,1571
773,1732,1745
774,1716,1913
775,1684,2059
776,1644,2187
777,1587,2283
778,1521,2353
779,1447,2391
780,1370,2403
781,1287,2379
782,1207,2329
783,1125,2247
784,1046,2135
785,974,2003
786,907,1847
787,847,1673
788,800,1489
789,774,1309
790,753,1115
791,747,931
792,753,751
793,775,589
794,800,435
795,848,315
796,904,221
797,967,151
798,1038,113
799,1116,109
800,1193,133
801,1277,193
802,1357,281
803,1438,397
804,1508,535
805,1577,695
806,1632,869
807,1678,1055
808,1710,1243
809,1733,1435
810,1734,1613
811,1731,1793
812,1711,1953
813,1674,2093
814,1627,2211
815,1571,2303
816,1502,2365
817,1431,2401
818,1350,2401
819,1265,2367
820,1184,2309
821,1105,2221
822,1027,2103
823,952,1959
824,890,1801
825,837,1627
826,796,1443
827,768,1257
828,752,1069
829,746,879
830,752,701
831,773,539
832,814,403
833,861,285
834,920,199
835,985,137
836,1060,109
837,1139,115
838,1215,145
839,1299,213
840,1380,309
841,1459,433
842,1529,577
843,1594,743
844,1644,915
845,1685,1099
846,1716,1291
847,1735,1483
848,1731,1657
849,1727,1837
850,1702,1991
851,1663,2125
852,1612,2235
853,1551,2319
854,1486,2379
855,1409,2401
856,1325,2391
857,1244,2353
858,1163,2287
859,1079,2185
860,1005,2065
861,936,1921
862,877,1757
863,825,1579
864,788,1395
865,760,1203
866,745,1011
867,747,831
868,760,659
869,786,501
870,824,367
871,877,261
872,935,177
873,1002,123
874,1077,103
875,1156,115
876,1240,161
877,1323,237
878,1403,339
879,1478,467
880,1546,617
881,1603,781
882,1656,963
883,1698,1153
884,1724,1343
885,1738,1531
886,1739,1713
887,1723,1879
888,1689,2023
889,1651,2157
890,1598,2261
891,1537,2339
892,1466,2387
893,1389,2403
894,1307,2385
895,1222,2337
896,1141,2263
897,1061,2157
898,988,2029
899,922,1879
900,862,1711
901,816,1531
902,778,1343
903,755,1153
904,744,963
905,751,785
906,766,615
907,797,465
908,838,337
909,889,233
910,952,159
911,1025,119
912,1099,105
913,1180,125
914,1265,181
915,1343,259
916,1422,367
917,1497,503
918,1562,657
919,1620,827
920,1669,1011
921,1707,1203
922,1728,1391
923,1738,1577
924,1730,1749
925,1705,1907
926,1683,2061
927,1638,2185
928,1585,2285
929,1519,2353
930,1447,2391
931,1368,2399
932,1284,2373
933,1201,2319
934,1120,2237
935,1043,2125
936,975,1997
937,906,1837
938,848,1663
939,804,1481
940,771,1291
941,751,1101
942,746,915
943,754,737
944,771,571
945,807,427
946,851,307
947,907,211
948,969,141
949,1043,107
950,1121,107
951,1202,135
952,1283,195
953,1365,285
954,1442,401
955,1518,545
956,1580,701
957,1638,877
958,1681,1061
959,1713,1251
960,1734,1441
961,1742,1627
962,1731,1799
963,1710,1959
964,1674,2097
965,1627,2215
966,1566,2303
967,1501,2365
968,1425,2395
969,1340,2389
970,1264,2365
971,1179,2299
972,1099,2209
973,1023,2093
974,951,1949
975,887,1789
976,837,1615
977,796,1433
978,766,1243
979,749,1051
980,753,873
981,756,691
982,778,529
983,816,391
984,864,277
985,923,189
986,991,133
987,1064,105
988,1143,111
989,1223,147
990,1303,213
991,1384,311
992,1463,435
993,1533,581
994,1595,745
995,1649,923
996,1690,1109
997,1720,1301
998,1735,1487
999,1740,1671
1000,1727,1841
1001,1703,1997
1002,1664,2131
1003,1611,2237
1004,1551,2321
1005,1482,2375
1006,1404,2395
1007,1332,2397
1008,1245,2353
1009,1157,2275
1010,1078,2177
1011,1004,2055
1012,934,1907
1013,888,1759
1014,826,1567
1015,788,1381
1016,762,1189
1017,749,1001
1018,746,815
1019,762,645
1020,789,489
1021,831,359
1022,880,249
1023,941,171
1024,1011,123
1025,1081,99
1026,1166,117
1027,1243,159
1028,1328,237
1029,1410,345
1030,1482,471
1031,1552,623
1032,1617,797
1033,1660,969
1034,1699,1157
1035,1726,1349
1036,1739,1537
1037,1738,1717
1038,1723,1885
1039,1694,2035
1040,1649,2159
1041,1596,2263
1042,1532,2335
1043,1460,2381
1044,1385,2399
1045,1308,2385
1046,1219,2333
1047,1136,2253
1048,1059,2149
1049,984,2017
1050,919,1869
1051,867,1705
1052,815,1519
1053,778,1331
1054,755,1137
1055,746,953
1056,748,769
1057,777,613
1058,802,459
1059,843,329
1060,894,225
1061,957,155
1062,1029,115
1063,1103,101
1064,1186,127
1065,1270,183
1066,1350,265
1067,1427,373
1068,1499,507
1069,1567,665
1070,1628,841
1071,1671,1019
1072,1708,1211
1073,1733,1403
1074,1739,1585
1075,1733,1761
1076,1717,1929
1077,1681,2069
1078,1635,2189
1079,1581,2287
1080,1518,2357
1081,1444,2393
1082,1363,2397
1083,1287,2379
1084,1196,2315
1085,1115,2229
1086,1038,2117
1087,965,1979
1088,904,1827
1089,849,1657
1090,803,1469
1091,772,1281
1092,752,1089
1093,746,903
1094,755,727
1095,779,567
1096,812,423
1097,854,299
1098,910,205
1099,975,139
1100,1048,107
1101,1133,113
1102,1209,139
1103,1291,201
1104,1372,291
1105,1449,409
1106,1518,547
1107,1585,711
1108,1640,887
1109,1685,1073
1110,1717,1261
1111,1732,1447
1112,1733,1627
1113,1731,1809
1114,1708,1967
1115,1671,2103
1116,1624,2221
1117,1566,2309
1118,1498,2367
1119,1420,2395
1120,1345,2397
1121,1259,2359
1122,1174,2291
1123,1095,2201
1124,1020,2083
1125,949,1941
1126,885,1777
1127,835,1605
1128,794,1421
1129,764,1229
1130,751,1041
1131,747,853
1132,760,681
1133,785,525
1134,819,383
1135,867,269
1136,928,183
1137,995,129
1138,1068,103
1139,1149,113
1140,1228,149
1141,1311,219
1142,1389,317
1143,1467,441
1144,1540,591
1145,1599,755
1146,1654,935
1147,1693,1119
1148,1723,1311
1149,1736,1497
1150,1737,1679
1151,1726,1851
1152,1703,2007
1153,1662,2137
1154,1609,2245
1155,1541,2319
1156,1474,2373
1157,1401,2399
1158,1321,2387
1159,1239,2347
1160,1156,2273
1161,1077,2175
1162,999,2047
1163,931,1899
1164,872,1735
1165,824,1559
1166,786,1371
1167,762,1181
1168,750,993
1169,751,809
1170,765,639
1171,793,485
1172,832,351
1173,884,245
1174,944,165
1175,1015,119
1176,1089,101
1177,1172,121
1178,1249,163
1179,1333,243
1180,1412,349
1181,1488,481
1182,1556,633
1183,1617,805
1184,1665,983
1185,1701,1169
1186,1727,1361
1187,1738,1547
1188,1737,1729
1189,1718,1889
1190,1691,2041
1191,1649,2169
1192,1592,2267
1193,1530,2341
1194,1461,2389
1195,1383,2401
1196,1300,2381
1197,1218,2333
1198,1134,2251
1199,1052,2141
1200,980,2011
1201,914,1857
1202,860,1691
1203,814,1511
1204,777,1319
1205,756,1129
1206,745,939
1207,752,761
1208,774,599
1209,804,449
1210,846,323
1211,900,223
1212,962,151
1213,1033,111
1214,1115,111
1215,1189,127
1216,1271,181
1217,1356,271
1218,1434,383
1219,1511,523
1220,1572,675
1221,1628,847
1222,1675,1031
1223,1711,1221
1224,1732,1411
1225,1742,1599
1226,1735,1775
1227,1714,1935
1228,1679,2077
1229,1634,2197
1230,1576,2291
1231,1513,2359
1232,1439,2393
1233,1362,2399
1234,1275,2369
1235,1192,2309
1236,1112,2225
1237,1034,2109
1238,963,1973
1239,898,1815
1240,846,1645
1241,801,1459
1242,769,1269
1243,753,1081
1244,750,897
1245,756,717
1246,777,555
1247,815,415
1248,857,293
1249,914,201
1250,977,135
1251,1052,105
1252,1130,107
1253,1213,141
1254,1294,203
1255,1377,299
1256,1453,417
1257,1523,557
1258,1588,721
1259,1641,895
1260,1686,1083
1261,1721,1275
1262,1737,1463
1263,1739,1643
1264,1730,1817
1265,1710,1977
1266,1668,2111
1267,1620,2223
1268,1562,2313
1269,1495,2371
1270,1416,2395
1271,1336,2391
1272,1255,2357
1273,1172,2291
1274,1090,2195
1275,1016,2077
1276,948,1935
1277,881,1767
1278,833,1595
1279,790,1407
1280,763,1217
1281,749,1027
1282,748,843
1283,763,673
1284,786,515
1285,823,377
1286,872,265
1287,931,179
1288,1000,127
1289,1073,103
1290,1150,109
1291,1234,153
1292,1316,223
1293,1398,325
1294,1469,447
1295,1541,597
1296,1601,761
1297,1656,945
1298,1696,1131
1299,1723,1321
1300,1737,1509
1301,1737,1689
1302,1728,1863
1303,1698,2013
1304,1658,2145
1305,1607,2253
1306,1544,2331
1307,1472,2377
1308,1397,2399
1309,1313,2383
1310,1233,2343
1311,1152,2271
1312,1071,2167
1313,995,2039
1314,928,1891
1315,865,1721
1316,819,1547
1317,784,1361
1318,758,1169
1319,748,981
1320,751,799
1321,758,621
1322,792,473
1323,835,345
1324,887,241
1325,948,165
1326,1017,117
1327,1092,103
1328,1171,119
1329,1254,171
1330,1335,249
1331,1416,357
1332,1491,489
1333,1561,647
1334,1616,813
1335,1667,995
1336,1704,1185
1337,1728,1375
1338,1737,1561
1339,1738,1743
1340,1715,1899
1341,1689,2053
1342,1645,2179
1343,1591,2279
1344,1526,2351
1345,1452,2391
1346,1358,2383
1347,1292,2379
1348,1213,2333
1349,1129,2249
1350,1049,2139
1351,974,2003
1352,910,1853
1353,852,1679
1354,810,1503
1355,777,1315
1356,755,1123
1357,746,933
1358,751,755
1359,766,583
1360,803,443
1361,848,321
1362,903,223
1363,966,153
1364,1036,113
1365,1104,97
1366,1192,133
1367,1276,193
1368,1356,277
1369,1437,395
1370,1511,533
1371,1574,689
1372,1630,863
1373,1677,1047
1374,1711,1237
1375,1732,1427
1376,1730,1601
1377,1736,1791
1378,1711,1949
1379,1678,2091
1380,1628,2207
1381,1573,2301
1382,1507,2365
1383,1435,2403
1384,1352,2399
1385,1271,2373
1386,1189,2315
1387,1106,2225
1388,1028,2109
1389,960,1973
1390,898,1815
1391,840,1637
1392,801,1457
1393,769,1267
1394,749,1073
1395,745,889
1396,755,713
1397,778,551
1398,815,413
1399,862,295
1400,918,205
1401,982,141
1402,1056,111
1403,1132,111
1404,1216,149
1405,1301,217
1406,1382,313
1407,1457,429
1408,1527,573
1409,1591,737
1410,1644,911
1411,1687,1099
1412,1719,1291
1413,1737,1481
1414,1736,1659
1415,1731,1835
1416,1701,1985
1417,1667,2125
1418,1617,2237
1419,1558,2325
1420,1486,2375
1421,1412,2403
1422,1332,2397
1423,1248,2359
1424,1164,2291
1425,1086,2197
1426,1012,2077
1427,942,1931
1428,879,1767
1429,828,1589
1430,787,1403
1431,762,1215
1432,748,1025
1433,749,843
1434,766,675
1435,787,513
1436,827,379
1437,874,267
1438,932,181
1439,1001,129
1440,1077,109
1441,1155,119
1442,1239,165
1443,1321,237
1444,1399,337
1445,1470,459
1446,1544,613
1447,1602,777
1448,1657,961
1449,1698,1149
1450,1726,1341
1451,1736,1525
1452,1737,1707
1453,1720,1873
1454,1692,2023
1455,1654,2155
1456,1603,2263
1457,1544,2347
1458,1474,2393
1459,1392,2405
1460,1308,2387
1461,1228,2347
1462,1146,2271
1463,1067,2169
1464,988,2035
1465,924,1891
1466,864,1721
1467,816,1541
1468,780,1355
1469,758,1165
1470,748,977
1471,752,797
1472,764,623
1473,793,473
1474,836,345
1475,888,241
1476,951,167
1477,1022,123
1478,1091,103
1479,1178,129
1480,1251,171
1481,1340,261
1482,1418,367
1483,1496,505
1484,1561,657
1485,1620,829
1486,1674,1017
1487,1705,1199
1488,1730,1391
1489,1734,1571
1490,1735,1755
1491,1715,1915
1492,1687,2067
1493,1644,2191
1494,1586,2287
1495,1524,2359
1496,1448,2397
1497,1368,2403
1498,1288,2383
1499,1207,2331
1500,1125,2247
1501,1045,2135
1502,973,2003
1503,907,1847
1504,850,1675
1505,808,1495
1506,778,1311
1507,755,1117
1508,751,933
1509,753,749
1510,771,583
1511,802,435
1512,848,313
1513,904,219
1514,971,153
1515,1043,119
1516,1115,109
1517,1198,139
1518,1280,199
1519,1363,289
1520,1440,403
1521,1513,543
1522,1573,695
1523,1631,873
1524,1678,1059
1525,1711,1249
1526,1733,1441
1527,1743,1629
1528,1735,1805
1529,1710,1959
1530,1676,2101
1531,1628,2219
1532,1569,2309
1533,1501,2369
1534,1428,2403
1535,1347,2401
1536,1268,2375
1537,1184,2311
1538,1101,2219
1539,1023,2103
1540,954,1963
1541,890,1803
1542,838,1629
1543,797,1445
1544,768,1257
1545,751,1065
1546,746,879
1547,757,705
1548,778,543
1549,816,405
1550,865,291
1551,922,201
1552,989,141
1553,1060,111
1554,1136,113
1555,1219,151
1556,1303,219
1557,1385,317
1558,1463,441
1559,1532,583
1560,1592,743
1561,1646,923
1562,1689,1109
1563,1721,1303
1564,1737,1491
1565,1743,1677
1566,1731,1847
1567,1702,1999
1568,1666,2135
1569,1613,2243
1570,1551,2325
1571,1487,2385
1572,1410,2407
1573,1329,2399
1574,1245,2359
1575,1160,2289
1576,1080,2189
1577,1009,2073
1578,936,1923
1579,877,1761
1580,827,1581
1581,788,1397
1582,760,1203
1583,749,1017
1584,747,831
1585,758,657
1586,789,505
1587,827,371
1588,877,261
1589,935,177
1590,1007,131
1591,1079,107
1592,1159,121
1593,1242,167
1594,1329,247
1595,1405,345
1596,1482,475
1597,1547,621
1598,1608,791
1599,1659,971
1600,1700,1159
1601,1727,1351
1602,1738,1537
1603,1737,1717
1604,1720,1881
1605,1691,2031
1606,1653,2165
1607,1598,2267
1608,1536,2343
1609,1466,2391
1610,1380,2397
1611,1303,2385
1612,1221,2339
1613,1141,2263
1614,1061,2159
1615,988,2031
1616,919,1879
1617,865,1713
1618,815,1531
1619,777,1341
1620,757,1153
1621,752,971
1622,753,787
1623,769,617
1624,800,467
1625,840,339
1626,890,233
1627,954,161
1628,1024,119
1629,1101,107
1630,1181,129
1631,1260,179
1632,1346,265
1633,1421,371
1634,1498,511
1635,1565,667
1636,1624,839
1637,1671,1019
1638,1708,1211
1639,1731,1401
1640,1741,1589
1641,1734,1763
1642,1717,1929
1643,1685,2073
1644,1637,2193
1645,1584,2291
1646,1520,2361
1647,1444,2397
1648,1369,2407
1649,1284,2381
1650,1201,2327
1651,1119,2239
1652,1043,2131
1653,968,1993
1654,908,1841
1655,848,1665
1656,804,1481
1657,772,1293
1658,755,1107
1659,746,915
1660,753,737
1661,776,577
1662,806,429
1663,850,307
1664,906,211
1665,978,153
1666,1047,115
1667,1125,115
1668,1205,143
1669,1285,199
1670,1364,289
1671,1445,409
1672,1518,549
1673,1590,717
1674,1638,885
1675,1682,1069
1676,1713,1257
1677,1731,1445
1678,1738,1631
1679,1732,1809
1680,1711,1967
1681,1674,2105
1682,1626,2221
1683,1566,2309
1684,1497,2367
1685,1423,2399
1686,1347,2401
1687,1260,2365
1688,1180,2303
1689,1100,2213
1690,1023,2095
1691,950,1951
1692,892,1795
1693,837,1617
1694,796,1431
1695,766,1241
1696,751,1053
1697,747,867
1698,766,701
1699,781,533
1700,819,393
1701,867,279
1702,926,193
1703,990,133
1704,1066,109
1705,1146,117
1706,1224,151
1707,1307,221
1708,1388,319
1709,1465,443
1710,1535,589
1711,1601,757
1712,1651,931
1713,1691,1117
1714,1719,1307
1715,1738,1499
1716,1739,1679
1717,1732,1855
1718,1702,2005
1719,1661,2135
1720,1610,2245
1721,1549,2327
1722,1479,2379
1723,1405,2403
1724,1326,2397
1725,1240,2351
1726,1158,2281
1727,1078,2183
1728,998,2053
1729,932,1909
1730,876,1749
1731,828,1571
1732,787,1383
1733,761,1191
1734,748,1003
1735,747,817
1736,767,653
1737,792,495
1738,830,361
1739,882,253
1740,942,173
1741,1009,123
1742,1091,113
1743,1163,119
1744,1247,167
1745,1329,243
1746,1409,347
1747,1487,481
1748,1553,629
1749,1611,797
1750,1661,977
1751,1701,1167
1752,1729,1359
1753,1733,1539
1754,1738,1723
1755,1722,1891
1756,1693,2039
1757,1648,2163
1758,1595,2267
1759,1534,2343
1760,1462,2387
1761,1388,2405
1762,1301,2381
1763,1217,2333
1764,1136,2255
1765,1057,2147
1766,983,2017
1767,918,1865
1768,863,1699
1769,813,1515
1770,777,1327
1771,755,1135
1772,744,947
1773,752,769
1774,771,605
1775,802,455
1776,842,325
1777,897,227
1778,958,153
1779,1028,111
1780,1107,105
1781,1187,127
1782,1271,185
1783,1350,265
1784,1429,377
1785,1502,513
1786,1567,669
1787,1628,843
1788,1673,1025
1789,1710,1215
1790,1733,1407
1791,1741,1593
1792,1734,1767
1793,1713,1929
1794,1681,2073
1795,1638,2197
1796,1581,2291
1797,1511,2353
1798,1441,2393
1799,1363,2399
1800,1279,2373
1801,1195,2315
1802,1115,2229
1803,1039,2117
1804,967,1981
1805,903,1825
1806,847,1651
1807,802,1467
1808,769,1277
1809,752,1087
1810,747,903
1811,758,727
1812,778,563
1813,809,417
1814,852,295
1815,909,203
1816,978,143
1817,1049,109
1818,1129,111
1819,1207,137
1820,1292,203
1821,1370,293
1822,1448,413
1823,1520,555
1824,1587,719
1825,1639,891
1826,1686,1079
1827,1717,1269
1828,1733,1455
1829,1737,1637
1830,1728,1811
1831,1708,1973
1832,1672,2111
1833,1623,2227
1834,1566,2317
1835,1495,2371
1836,1418,2397
1837,1341,2399
1838,1258,2363
1839,1174,2297
1840,1095,2205
1841,1018,2085
1842,948,1943
1843,886,1781
1844,834,1605
1845,797,1425
1846,764,1229
1847,749,1041
1848,750,857
1849,763,685
1850,785,525
1851,820,385
1852,871,273
1853,926,183
1854,996,131
1855,1079,117
1856,1148,113
1857,1229,153
1858,1311,223
1859,1393,325
1860,1472,453
1861,1539,597
1862,1601,763
1863,1655,943
1864,1693,1127
1865,1720,1317
1866,1738,1507
1867,1737,1685
1868,1726,1859
1869,1701,2013
1870,1659,2143
1871,1608,2251
1872,1545,2331
1873,1474,2379
1874,1407,2411
1875,1320,2393
1876,1231,2345
1877,1152,2275
1878,1072,2173
1879,998,2047
1880,929,1901
1881,872,1737
1882,822,1557
1883,783,1369
1884,758,1177
1885,749,993
1886,748,807
1887,764,639
1888,791,483
1889,835,357
1890,886,249
1891,946,169
1892,1016,123
1893,1092,109
1894,1169,121
1895,1250,169
1896,1334,249
1897,1414,357
1898,1488,487
1899,1562,647
1900,1615,809
1901,1665,991
1902,1700,1177
1903,1728,1369
1904,1745,1563
1905,1737,1735
1906,1721,1903
1907,1688,2047
1908,1645,2173
1909,1591,2275
1910,1528,2349
1911,1459,2395
1912,1381,2405
1913,1298,2385
1914,1213,2333
1915,1133,2253
1916,1052,2143
1917,980,2013
1918,916,1863
1919,857,1691
1920,813,1511
1921,777,1323
1922,754,1129
1923,746,943
1924,753,765
1925,768,595
1926,805,453
1927,847,325
1928,901,227
1929,966,159
1930,1032,113
1931,1110,109
1932,1192,135
1933,1276,193
1934,1357,277
1935,1434,389
1936,1506,527
1937,1573,685
1938,1629,857
1939,1674,1039
1940,1710,1231
1941,1734,1425
1942,1741,1607
1943,1734,1783
1944,1711,1941
1945,1679,2085
1946,1633,2205
1947,1576,2299
1948,1514,2369
1949,1438,2401
1950,1358,2405
1951,1274,2375
1952,1192,2317
1953,1110,2227
1954,1034,2115
1955,962,1977
1956,899,1821
1957,845,1647
1958,800,1461
1959,769,1273
1960,751,1083
1961,745,895
1962,753,717
1963,780,561
1964,815,419
1965,858,297
1966,915,207
1967,980,143
1968,1051,111
1969,1131,115
1970,1213,147
1971,1296,215
1972,1376,307
1973,1454,427
1974,1525,571
1975,1587,731
1976,1644,909
1977,1686,1095
1978,1720,1287
1979,1737,1477
1980,1738,1655
1981,1727,1827
1982,1704,1987
1983,1667,2123
1984,1621,2239
1985,1560,2325
1986,1490,2379
1987,1408,2399
1988,1336,2403
1989,1252,2365
1990,1171,2301
1991,1090,2205
1992,1014,2085
1993,944,1941
1994,879,1775
1995,830,1599
1996,791,1415
1997,760,1221
1998,749,1037
1999,748,853
2000,760,679
2001,786,521
2002,823,385
2003,872,273
2004,933,191
2005,998,133
2006,1072,111
2007,1154,123
2008,1234,165
2009,1316,237
2010,1396,337
2011,1469,461
2012,1542,611
2013,1604,781
2014,1656,959
2015,1696,1147
2016,1726,1341
2017,1739,1527
2018,1739,1707
2019,1723,1873
2020,1697,2027
2021,1657,2157
2022,1605,2265
2023,1542,2343
2024,1471,2391
2025,1392,2407
2026,1314,2397
2027,1228,2349
2028,1149,2279
2029,1070,2177
2030,993,2047
2031,931,1905
2032,866,1731
2033,823,1559
2034,783,1367
2035,761,1179
2036,748,987
2037,749,805
2038,762,631
2039,794,483
2040,836,355
2041,887,249
2042,950,173
2043,1021,129
2044,1095,113
2045,1174,131
2046,1253,177
2047,1336,259
2048,1418,369
2049,1495,503
2050,1558,653
2051,1616,823
2052,1667,1005
2053,1704,1195
2054,1728,1385
2055,1737,1571
2056,1738,1753
2057,1720,1917
2058,1690,2065
2059,1643,2187
2060,1586,2283
2061,1524,2359
2062,1452,2399
2063,1372,2407
2064,1294,2389
2065,1210,2337
2066,1127,2253
2067,1045,2141
2068,975,2011
2069,907,1853
2070,854,1685
2071,809,1505
2072,776,1317
2073,754,1125
2074,745,935
2075,756,763
2076,772,595
2077,805,449
2078,849,325
2079,904,227
2080,967,157
2081,1037,119
2082,1110,109
2083,1195,141
2084,1278,199
2085,1359,285
2086,1439,403
2087,1510,539
2088,1573,695
2089,1631,871
2090,1677,1055
2091,1712,1247
2092,1732,1435
2093,1744,1625
2094,1729,1791
2095,1710,1953
2096,1677,2097
2097,1631,2217
2098,1571,2307
2099,1506,2371
2100,1432,2405
2101,1353,2407
2102,1270,2377
2103,1186,2315
2104,1106,2227
2105,1029,2111
2106,956,1971
2107,893,1811
2108,844,1641
2109,800,1457
2110,767,1265
2111,750,1075
2112,746,889
2113,753,709
2114,780,553
2115,815,413
2116,863,295
2117,919,205
2118,983,141
2119,1047,103
2120,1136,117
2121,1217,153
2122,1302,221
2123,1383,317
2124,1458,435
2125,1528,577
2126,1589,739
2127,1643,917
2128,1691,1109
2129,1719,1297
2130,1737,1487
2131,1740,1669
2132,1722,1833
2133,1701,1993
2134,1665,2131
2135,1617,2243
2136,1556,2329
2137,1489,2385
2138,1401,2395
2139,1328,2397
2140,1248,2363
2141,1163,2293
2142,1086,2199
2143,1009,2075
2144,942,1933
2145,878,1765
2146,827,1591
2147,787,1403
2148,761,1213
2149,745,1021
2150,749,843
2151,760,667
2152,787,513
2153,826,379
2154,875,267
2155,934,185
2156,1003,133
2157,1075,109
2158,1157,123
2159,1241,171
2160,1322,241
2161,1400,343
2162,1477,471
2163,1544,619
2164,1607,789
2165,1660,969
2166,1698,1157
2167,1726,1349
2168,1737,1535
2169,1736,1713
2170,1721,1879
2171,1695,2033
2172,1658,2167
2173,1602,2269
2174,1540,2347
2175,1467,2391
2176,1386,2405
2177,1308,2393
2178,1227,2351
2179,1145,2273
2180,1064,2169
2181,991,2041
2182,918,1885
2183,863,1721
2184,815,1541
2185,779,1355
2186,758,1167
2187,748,977
2188,749,795
2189,766,625
2190,797,477
2191,836,345
2192,891,245
2193,951,167
2194,1024,127
2195,1096,109
2196,1178,131
2197,1261,185
2198,1342,267
2199,1421,375
2200,1497,511
2201,1562,663
2202,1624,837
2203,1671,1021
2204,1707,1209
2205,1729,1395
2206,1740,1585
2207,1742,1769
2208,1717,1925
2209,1686,2071
2210,1642,2195
2211,1586,2291
2212,1519,2361
2213,1448,2401
2214,1369,2407
2215,1288,2387
2216,1205,2333
2217,1123,2249
2218,1042,2133
2219,971,2003
2220,904,1845
2221,848,1673
2222,806,1495
2223,775,1307
2224,754,1115
2225,746,927
2226,752,747
2227,772,583
2228,806,439
2229,850,315
2230,907,221
2231,971,153
2232,1045,121
2233,1119,115
2234,1199,141
2235,1282,201
2236,1362,291
2237,1442,407
2238,1514,547
2239,1577,705
2240,1634,879
2241,1680,1065
2242,1713,1255
2243,1736,1449
2244,1742,1631
2245,1731,1803
2246,1710,1963
2247,1673,2101
2248,1626,2219
2249,1571,2313
2250,1503,2373
2251,1421,2397
2252,1348,2403
2253,1263,2371
2254,1181,2309
2255,1099,2217
2256,1030,2109
2257,952,1959
2258,889,1799
2259,839,1629
2260,799,1445
2261,766,1253
2262,744,1057
2263,746,877
2264,752,697
2265,782,543
2266,819,405
2267,866,289
2268,922,197
2269,987,139
2270,1059,109
2271,1139,115
2272,1222,155
2273,1306,223
2274,1385,317
2275,1464,443
2276,1533,587
2277,1595,749
2278,1648,927
2279,1690,1113
2280,1721,1305
2281,1739,1497
2282,1738,1673
2283,1726,1845
2284,1701,2001
2285,1660,2133
2286,1615,2249
2287,1555,2333
2288,1485,2385
2289,1405,2403
2290,1325,2395
2291,1242,2357
2292,1163,2289
2293,1078,2185
2294,1006,2065
2295,938,1921
2296,877,1755
2297,824,1575
2298,787,1391
2299,759,1197
2300,749,1011
2301,749,829
2302,761,655
2303,789,501
2304,829,367
2305,877,257
2306,939,177
2307,1005,125
2308,1081,105
2309,1162,121
2310,1245,169
2311,1326,241
2312,1407,347
2313,1481,475
2314,1548,625
2315,1609,793
2316,1663,977
2317,1700,1163
2318,1727,1355
2319,1740,1543
2320,1736,1719
2321,1720,1885
2322,1693,2037
2323,1652,2167
2324,1599,2271
2325,1537,2347
2326,1465,2393
2327,1384,2403
2328,1302,2385
2329,1220,2339
2330,1140,2263
2331,1061,2159
2332,986,2027
2333,919,1875
2334,862,1709
2335,814,1527
2336,777,1339
2337,757,1149
2338,748,963
2339,756,787
2340,768,613
2341,799,463
2342,840,335
2343,895,235
2344,959,163
2345,1027,119
2346,1103,109
2347,1181,127
2348,1263,181
2349,1347,267
2350,1431,381
2351,1499,511
2352,1567,669
2353,1625,839
2354,1673,1023
2355,1708,1211
2356,1731,1403
2357,1737,1587
2358,1731,1761
2359,1714,1925
2360,1685,2075
2361,1640,2195
2362,1582,2291
2363,1517,2359
2364,1443,2395
2365,1364,2401
2366,1282,2375
2367,1200,2323
2368,1119,2237
2369,1043,2127
2370,968,1989
2371,905,1835
2372,845,1657
2373,802,1475
2374,773,1289
2375,753,1097
2376,746,909
2377,755,733
2378,778,573
2379,808,425
2380,854,305
2381,910,209
2382,973,145
2383,1040,103
2384,1123,107
2385,1203,137
2386,1285,199
2387,1367,289
2388,1448,411
2389,1520,551
2390,1585,713
2391,1642,889
2392,1683,1071
2393,1711,1257
2394,1740,1457
2395,1740,1633
2396,1733,1811
2397,1709,1967
2398,1672,2105
2399,1624,2221
2400,1564,2309
2401,1497,2369
2402,1423,2399
2403,1344,2397
2404,1263,2367
2405,1178,2301
2406,1098,2209
2407,1016,2085
2408,949,1947
2409,887,1785
2410,837,1613
2411,796,1427
2412,766,1237
2413,752,1049
2414,747,861
2415,759,687
2416,782,527
2417,821,391
2418,868,277
2419,929,193
2420,994,133
2421,1066,105
2422,1145,113
2423,1226,153
2424,1311,223
2425,1390,321
2426,1468,445
2427,1551,607
2428,1599,757
2429,1649,933
2430,1690,1119
2431,1722,1313
2432,1737,1501
2433,1740,1683
2434,1729,1857
2435,1701,2007
2436,1658,2137
2437,1609,2249
2438,1550,2333
2439,1479,2383
2440,1405,2407
2441,1323,2393
2442,1238,2353
2443,1155,2279
2444,1074,2179
2445,1000,2055
2446,941,1919
2447,875,1745
2448,822,1565
2449,785,1379
2450,758,1185
2451,744,995
2452,747,815
2453,766,649
2454,793,495
2455,833,361
2456,882,253
2457,942,173
2458,1010,123
2459,1089,109
2460,1166,121
2461,1250,171
2462,1332,249
2463,1410,353
2464,1485,481
2465,1555,637
2466,1612,803
2467,1664,985
2468,1706,1179
2469,1728,1365
2470,1742,1553
2471,1741,1735
2472,1722,1899
2473,1688,2043
2474,1648,2171
2475,1594,2273
2476,1533,2349
2477,1461,2393
2478,1383,2405
2479,1296,2381
2480,1217,2337
2481,1132,2253
2482,1053,2147
2483,982,2019
2484,919,1871
2485,860,1699
2486,813,1519
2487,776,1327
2488,754,1135
2489,747,951
2490,757,775
2491,772,605
2492,802,455
2493,843,329
2494,897,229
2495,961,157
2496,1032,117
2497,1110,109
2498,1189,133
2499,1271,187
2500,1351,271
2501,1425,377
2502,1505,523
2503,1571,677
2504,1630,851
2505,1676,1033
2506,1712,1225
2507,1731,1411
2508,1737,1595
2509,1737,1777
2510,1713,1935
2511,1678,2077
2512,1636,2201
2513,1581,2297
2514,1514,2363
2515,1446,2405
2516,1361,2401
2517,1278,2373
2518,1193,2315
2519,1114,2231
2520,1038,2119
2521,963,1979
2522,901,1825
2523,843,1647
2524,804,1469
2525,771,1277
2526,748,1083
2527,747,901
2528,758,727
2529,778,561
2530,810,417
2531,854,297
2532,914,207
2533,979,143
2534,1056,117
2535,1130,113
2536,1209,141
2537,1293,205
2538,1371,297
2539,1451,417
2540,1523,559
2541,1588,723
2542,1642,899
2543,1686,1083
2544,1719,1275
2545,1734,1461
2546,1740,1645
2547,1730,1819
2548,1708,1979
2549,1669,2113
2550,1622,2227
2551,1561,2315
2552,1492,2371
2553,1418,2401
2554,1338,2397
2555,1254,2359
2556,1170,2293
2557,1091,2201
2558,1010,2077
2559,943,1937
2560,883,1777
2561,831,1599
2562,789,1413
2563,763,1225
2564,748,1035
2565,745,849
2566,755,673
2567,780,517
2568,819,381
2569,867,267
2570,925,181
2571,995,129
2572,1070,107
2573,1148,113
2574,1228,153
2575,1310,223
2576,1392,325
2577,1466,447
2578,1539,599
2579,1600,765
2580,1651,943
2581,1689,1125
2582,1719,1319
2583,1734,1507
2584,1739,1693
2585,1725,1861
2586,1697,2013
2587,1652,2139
2588,1603,2249
2589,1541,2329
2590,1473,2381
2591,1397,2401
2592,1314,2387
2593,1234,2347
2594,1148,2271
2595,1065,2167
2596,991,2041
2597,926,1895
2598,868,1731
2599,819,1551
2600,780,1363
2601,754,1171
2602,744,985
2603,744,799
2604,762,633
2605,791,481
2606,832,349
2607,884,245
2608,943,165
2609,1012,117
2610,1087,101
2611,1166,117
2612,1250,169
2613,1331,247
2614,1412,355
2615,1488,487
2616,1557,643
2617,1612,809
2618,1659,987
2619,1699,1177
2620,1725,1371
2621,1734,1555
2622,1734,1737
2623,1717,1901
2624,1682,2045
2625,1639,2171
2626,1586,2271
2627,1527,2349
2628,1462,2399
2629,1372,2397
2630,1292,2379
2631,1207,2327
2632,1125,2245
2633,1048,2139
2634,975,2007
2635,910,1855
2636,852,1683
2637,806,1501
2638,771,1313
2639,749,1119
2640,739,931
2641,748,755
2642,769,591
2643,798,441
2644,843,319
2645,894,217
2646,958,147
2647,1037,117
2648,1107,103
2649,1186,127
2650,1270,185
2651,1354,275
2652,1431,387
2653,1499,519
2654,1567,679
2655,1626,857
2656,1673,1041
2657,1707,1229
2658,1732,1423
2659,1736,1605
2660,1726,1777
2661,1706,1939
2662,1670,2079
2663,1627,2201
2664,1571,2297
2665,1503,2359
2666,1432,2395
2667,1352,2397
2668,1265,2365
2669,1184,2309
2670,1103,2219
2671,1025,2103
2672,961,1975
2673,893,1811
2674,838,1637
2675,795,1453
2676,764,1263
2677,747,1075
2678,743,887
2679,751,711
2680,773,549
2681,809,409
2682,855,291
2683,913,199
2684,978,137
2685,1050,105
2686,1128,109
2687,1210,143
2688,1292,207
2689,1371,299
2690,1448,419
2691,1516,559
2692,1584,727
2693,1638,903
2694,1683,1091
2695,1714,1281
2696,1730,1469
2697,1733,1653
2698,1723,1825
2699,1700,1983
2700,1663,2119
2701,1614,2233
2702,1560,2325
2703,1485,2375
2704,1407,2397
2705,1329,2395
2706,1245,2357
2707,1165,2291
2708,1085,2195
2709,1008,2075
2710,935,1927
2711,874,1763
2712,823,1587
2713,784,1403
2714,758,1213
2715,744,1023
2716,737,835
2717,754,667
2718,781,511
2719,818,373
2720,869,265
2721,929,183
2722,997,129
2723,1073,107
2724,1150,117
2725,1230,157
2726,1311,229
2727,1393,333
2728,1468,457
2729,1537,607
2730,1602,779
2731,1656,959
2732,1690,1141
2733,1718,1333
2734,1731,1519
2735,1730,1697
2736,1719,1871
2737,1694,2025
2738,1651,2153
2739,1597,2257
2740,1533,2333
2741,1464,2385
2742,1386,2401
2743,1307,2389
2744,1224,2343
2745,1145,2273
2746,1063,2167
2747,987,2037
2748,917,1885
2749,862,1723
2750,815,1545
2751,779,1357
2752,753,1165
2753,744,977
2754,741,791
2755,760,625
2756,789,473
2757,832,345
2758,885,241
2759,949,169
2760,1013,117
2761,1089,103
2762,1171,125
2763,1254,177
2764,1335,255
2765,1412,361
2766,1492,501
2767,1554,649
2768,1614,821
2769,1663,1003
2770,1699,1193
2771,1725,1385
2772,1737,1573
2773,1730,1747
2774,1714,1913
2775,1681,2059
2776,1636,2183
2777,1583,2283
2778,1519,2355
2779,1439,2385
2780,1368,2403
2781,1291,2387
2782,1204,2329
2783,1119,2243
2784,1042,2135
2785,969,2003
2786,902,1845
2787,850,1679
2788,805,1497
2789,771,1309
2790,748,1115
2791,741,929
2792,748,749
2793,769,585
2794,802,441
2795,847,317
2796,903,223
2797,965,153
2798,1029,107
2799,1113,109
2800,1194,139
2801,1277,197
2802,1359,287
2803,1438,401
2804,1491,519
2805,1573,697
2806,1630,871
2807,1676,1057
2808,1711,1245
2809,1731,1437
2810,1736,1619
2811,1726,1791
2812,1707,1955
2813,1674,2097
2814,1626,2215
2815,1568,2305
2816,1503,2371
2817,1426,2399
2818,1350,2405
2819,1265,2371
2820,1181,2311
2821,1101,2221
2822,1023,2103
2823,946,1955
2824,893,1809
2825,839,1633
2826,796,1449
2827,767,1259
2828,748,1067
2829,746,885
2830,754,707
2831,779,547
2832,814,407
2833,862,291
2834,917,199
2835,984,141
2836,1056,109
2837,1135,113
2838,1220,155
2839,1303,221
2840,1381,313
2841,1457,435
2842,1524,575
2843,1590,741
2844,1644,921
2845,1690,1109
2846,1719,1299
2847,1736,1489
2848,1731,1661
2849,1724,1839
2850,1701,1995
2851,1664,2131
2852,1614,2243
2853,1552,2325
2854,1485,2381
2855,1408,2405
2856,1328,2397
2857,1245,2359
2858,1163,2291
2859,1084,2197
2860,1008,2073
2861,936,1923
2862,878,1763
2863,827,1585
2864,787,1399
2865,759,1207
2866,746,1017
2867,746,835
2868,761,665
2869,787,509
2870,825,373
2871,876,265
2872,937,185
2873,1005,131
2874,1079,109
2875,1159,123
2876,1240,167
2877,1323,241
2878,1399,339
2879,1478,473
2880,1544,619
2881,1610,793
2882,1661,971
2883,1700,1159
2884,1724,1349
2885,1737,1535
2886,1735,1711
2887,1721,1881
2888,1695,2035
2889,1650,2159
2890,1601,2269
2891,1537,2345
2892,1471,2395
2893,1388,2405
2894,1308,2391
2895,1226,2347
2896,1144,2269
2897,1063,2163
2898,988,2033
2899,921,1885
2900,862,1715
2901,817,1537
2902,780,1349
2903,754,1153
2904,747,969
2905,748,787
2906,766,619
2907,796,469
2908,839,341
2909,895,241
2910,956,167
2911,1024,119
2912,1100,109
2913,1180,129
2914,1266,187
2915,1344,263
2916,1424,375
2917,1499,509
2918,1563,661
2919,1624,835
2920,1671,1015
2921,1706,1205
2922,1727,1393
2923,1740,1583
2924,1735,1759
2925,1720,1925
2926,1686,2069
2927,1639,2191
2928,1586,2289
2929,1518,2355
2930,1446,2393
2931,1368,2403
2932,1288,2381
2933,1207,2329
2934,1121,2241
2935,1044,2129
2936,969,1991
2937,905,1837
2938,851,1669
2939,807,1487
2940,773,1297
2941,756,1109
2942,747,919
2943,753,739
2944,773,577
2945,809,433
2946,855,313
2947,908,215
2948,974,149
2949,1044,111
2950,1120,109
2951,1202,139
2952,1286,199
2953,1369,291
2954,1447,409
2955,1515,543
2956,1583,707
2957,1637,879
2958,1683,1065
2959,1717,1257
2960,1739,1451
2961,1748,1637
2962,1731,1803
2963,1712,1963
2964,1677,2105
2965,1625,2217
2966,1570,2311
2967,1504,2373
2968,1427,2401
2969,1348,2399
2970,1266,2369
2971,1182,2305
2972,1100,2213
2973,1024,2097
2974,954,1955
2975,892,1797
2976,840,1623
2977,798,1437
2978,767,1245
2979,751,1055
2980,747,869
2981,759,697
2982,786,539
2983,821,399
2984,867,283
2985,930,201
2986,991,137
2987,1063,107
2988,1144,115
2989,1227,153
2990,1309,223
2991,1389,319
2992,1465,441
2993,1536,587
2994,1598,751
2995,1649,927
2996,1694,1117
2997,1724,1307
2998,1739,1495
2999,1740,1677
3000,1728,1847
3001,1702,2001
3002,1665,2137
3003,1615,2247
3004,1554,2329
3005,1488,2385
3006,1408,2403
3007,1327,2395
3008,1243,2355
3009,1160,2283
3010,1086,2191
3011,1006,2061
3012,938,1915
3013,877,1751
3014,824,1567
3015,786,1383
3016,761,1193
3017,749,1005
3018,751,823
3019,766,653
3020,794,499
3021,833,365
3022,881,255
3023,941,175
3024,1006,121
3025,1088,109
3026,1167,123
3027,1249,167
3028,1330,243
3029,1409,347
3030,1484,477
3031,1553,627
3032,1615,799
3033,1671,985
3034,1704,1167
3035,1734,1363
3036,1742,1547
3037,1738,1721
3038,1723,1889
3039,1694,2039
3040,1653,2169
3041,1601,2273
3042,1536,2347
3043,1461,2387
3044,1386,2403
3045,1304,2387
3046,1222,2339
3047,1139,2261
3048,1060,2153
3049,988,2027
3050,921,1873
3051,862,1703
3052,814,1521
3053,782,1337
3054,763,1151
3055,751,959
3056,758,781
3057,773,611
3058,805,463
3059,842,331
3060,898,233
3061,961,161
3062,1030,117
3063,1108,109
3064,1188,131
3065,1270,185
3066,1351,267
3067,1431,379
3068,1510,521
3069,1571,673
3070,1627,843
3071,1677,1029
3072,1710,1217
3073,1731,1405
3074,1742,1593
3075,1739,1773
3076,1720,1935
3077,1686,2077
3078,1640,2197
3079,1589,2299
3080,1518,2361
3081,1445,2399
3082,1366,2405
3083,1285,2379
3084,1202,2325
3085,1120,2239
3086,1042,2125
3087,975,1995
3088,904,1831
3089,850,1659
3090,807,1477
3091,776,1289
3092,753,1095
3093,751,911
3094,757,733
3095,778,569
3096,812,425
3097,858,307
3098,913,211
3099,978,147
3100,1052,115
3101,1128,113
3102,1208,143
3103,1291,205
3104,1373,297
3105,1456,421
3106,1527,563
3107,1588,719
3108,1643,895
3109,1687,1079
3110,1719,1271
3111,1738,1461
3112,1748,1649
3113,1736,1819
3114,1712,1975
3115,1675,2113
3116,1625,2227
3117,1566,2315
3118,1500,2377
3119,1427,2407
3120,1346,2405
3121,1265,2373
3122,1182,2309
3123,1099,2211
3124,1021,2091
3125,954,1953
3126,892,1791
3127,840,1615
3128,798,1429
3129,768,1237
3130,754,1049
3131,755,869
3132,763,691
3133,788,531
3134,825,395
3135,875,283
3136,930,193
3137,998,137
3138,1073,113
3139,1152,121
3140,1232,159
3141,1310,223
3142,1393,325
3143,1473,453
3144,1542,601
3145,1603,765
3146,1655,943
3147,1697,1131
3148,1726,1321
3149,1743,1511
3150,1745,1695
3151,1730,1861
3152,1704,2015
3153,1664,2147
3154,1612,2253
3155,1551,2337
3156,1492,2399
3157,1410,2413
3158,1324,2397
3159,1237,2351
3160,1157,2281
3161,1078,2181
3162,1004,2057
3163,938,1913
3164,878,1745
3165,829,1567
3166,787,1377
3167,758,1181
3168,752,999
3169,755,819
3170,767,645
3171,799,497
3172,837,361
3173,889,255
3174,946,173
3175,1020,131
3176,1093,111
3177,1175,129
3178,1255,175
3179,1338,253
3180,1416,357
3181,1489,487
3182,1557,639
3183,1617,809
3184,1667,989
3185,1707,1179
3186,1731,1369
3187,1744,1557
3188,1739,1733
3189,1723,1899
3190,1695,2051
3191,1652,2177
3192,1599,2279
3193,1535,2351
3194,1464,2397
3195,1383,2407
3196,1300,2385
3197,1217,2335
3198,1138,2259
3199,1059,2151
3200,989,2023
3201,920,1867
3202,859,1695
3203,817,1519
3204,780,1327
3205,760,1137
3206,752,951
3207,759,773
3208,774,601
3209,805,453
3210,847,327
3211,900,227
3212,964,159
3213,1040,123
3214,1113,111
3215,1193,135
3216,1272,187
3217,1358,277
3218,1435,389
3219,1508,525
3220,1576,685
3221,1632,857
3222,1679,1039
3223,1713,1229
3224,1734,1419
3225,1746,1607
3226,1737,1781
3227,1715,1941
3228,1684,2085
3229,1639,2207
3230,1578,2297
3231,1514,2365
3232,1441,2401
3233,1360,2403
3234,1279,2377
3235,1198,2321
3236,1115,2233
3237,1038,2117
3238,967,1981
3239,902,1823
3240,847,1649
3241,806,1467
3242,774,1277
3243,756,1087
3244,748,899
3245,759,723
3246,779,559
3247,814,417
3248,859,297
3249,923,213
3250,983,145
3251,1055,113
3252,1131,111
3253,1212,145
3254,1295,209
3255,1375,301
3256,1452,419
3257,1530,569
3258,1591,727
3259,1645,903
3260,1686,1085
3261,1719,1279
3262,1736,1467
3263,1744,1653
3264,1732,1825
3265,1709,1983
3266,1672,2119
3267,1623,2233
3268,1561,2319
3269,1504,2387
3270,1420,2405
3271,1339,2399
3272,1256,2363
3273,1173,2297
3274,1094,2205
3275,1015,2081
3276,948,1941
3277,887,1779
3278,834,1601
3279,796,1419
3280,766,1225
3281,752,1037
3282,749,851
3283,761,679
3284,785,519
3285,826,387
3286,872,271
3287,932,187
3288,1004,139
3289,1075,111
3290,1153,119
3291,1234,159
3292,1318,233
3293,1399,335
3294,1473,457
3295,1543,607
3296,1604,773
3297,1655,951
3298,1696,1139
3299,1728,1335
3300,1739,1519
3301,1741,1701
3302,1727,1869
3303,1698,2019
3304,1658,2151
3305,1605,2257
3306,1545,2339
3307,1477,2391
3308,1400,2409
3309,1316,2393
3310,1234,2351
3311,1151,2277
3312,1071,2175
3313,1001,2053
3314,929,1901
3315,871,1735
3316,820,1555
3317,785,1369
3318,763,1179
3319,748,987
3320,749,805
3321,767,637
3322,796,485
3323,836,355
3324,888,249
3325,951,175
3326,1016,123
3327,1092,109
3328,1174,129
3329,1256,179
3330,1338,259
3331,1416,365
3332,1490,495
3333,1557,649
3334,1618,821
3335,1667,1003
3336,1706,1193
3337,1729,1381
3338,1742,1571
3339,1736,1747
3340,1717,1909
3341,1688,2059
3342,1646,2185
3343,1595,2289
3344,1528,2357
3345,1455,2399
3346,1376,2409
3347,1291,2385
3348,1208,2333
3349,1128,2255
3350,1051,2145
3351,977,2011
3352,912,1859
3353,857,1691
3354,808,1505
3355,773,1317
3356,753,1125
3357,739,931
3358,752,761
3359,772,595
3360,802,447
3361,847,325
3362,902,227
3363,964,155
3364,1037,119
3365,1114,113
3366,1196,141
3367,1276,197
3368,1357,283
3369,1436,397
3370,1505,533
3371,1574,693
3372,1632,869
3373,1679,1055
3374,1711,1243
3375,1735,1435
3376,1733,1609
3377,1732,1791
3378,1711,1953
3379,1679,2095
3380,1632,2215
3381,1573,2305
3382,1508,2371
3383,1432,2403
3384,1350,2401
3385,1270,2375
3386,1187,2317
3387,1110,2231
3388,1029,2113
3389,958,1973
3390,894,1815
3391,839,1639
3392,797,1457
3393,769,1269
3394,751,1079
3395,741,887
3396,755,715
3397,778,555
3398,812,413
3399,859,295
3400,914,203
3401,981,143
3402,1057,115
3403,1135,119
3404,1217,153
3405,1297,217
3406,1376,311
3407,1457,433
3408,1526,575
3409,1589,739
3410,1643,915
3411,1687,1101
3412,1717,1291
3413,1735,1481
3414,1734,1659
3415,1729,1837
3416,1703,1991
3417,1666,2127
3418,1617,2241
3419,1555,2325
3420,1477,2369
3421,1407,2401
3422,1331,2399
3423,1250,2365
3424,1166,2295
3425,1087,2201
3426,1010,2077
3427,938,1929
3428,878,1767
3429,828,1591
3430,788,1405
3431,760,1213
3432,746,1023
3433,745,839
3434,759,669
3435,786,513
3436,824,377
3437,876,269
3438,935,187
3439,997,127
3440,1076,109
3441,1157,121
3442,1235,161
3443,1317,235
3444,1398,339
3445,1453,441
3446,1542,613
3447,1607,785
3448,1656,961
3449,1696,1149
3450,1721,1339
3451,1738,1529
3452,1736,1707
3453,1722,1877
3454,1694,2027
3455,1653,2157
3456,1600,2261
3457,1538,2341
3458,1466,2387
3459,1391,2407
3460,1309,2391
3461,1230,2351
3462,1144,2271
3463,1064,2169
3464,984,2033
3465,922,1889
3466,865,1723
3467,818,1545
3468,780,1357
3469,757,1167
3470,749,981
3471,746,793
3472,764,625
3473,795,477
3474,837,349
3475,886,241
3476,952,169
3477,1017,119
3478,1095,109
3479,1177,131
3480,1252,173
3481,1341,263
3482,1421,373
3483,1491,501
3484,1559,657
3485,1618,829
3486,1667,1011
3487,1704,1199
3488,1730,1393
3489,1743,1581
3490,1735,1755
3491,1716,1919
3492,1684,2065
3493,1639,2187
3494,1583,2285
3495,1521,2357
3496,1447,2395
3497,1370,2407
3498,1287,2383
3499,1206,2333
3500,1119,2243
3501,1044,2135
3502,970,2001
3503,907,1849
3504,853,1679
3505,807,1497
3506,772,1307
3507,752,1115
3508,749,931
3509,751,749
3510,773,587
3511,804,439
3512,849,317
3513,905,221
3514,966,151
3515,1037,113
3516,1115,111
3517,1197,139
3518,1280,199
3519,1358,283
3520,1439,403
3521,1508,537
3522,1576,699
3523,1631,873
3524,1677,1057
3525,1713,1249
3526,1734,1441
3527,1739,1623
3528,1727,1793
3529,1708,1957
3530,1675,2097
3531,1628,2217
3532,1570,2307
3533,1508,2373
3534,1427,2397
3535,1349,2401
3536,1264,2367
3537,1180,2305
3538,1101,2217
3539,1025,2101
3540,952,1957
3541,891,1801
3542,838,1627
3543,794,1441
3544,760,1245
3545,749,1061
3546,745,877
3547,755,701
3548,779,541
3549,815,401
3550,864,287
3551,920,197
3552,983,135
3553,1059,107
3554,1139,113
3555,1221,151
3556,1302,217
3557,1381,311
3558,1457,433
3559,1529,579
3560,1593,743
3561,1648,921
3562,1689,1109
3563,1717,1297
3564,1735,1487
3565,1735,1665
3566,1727,1841
3567,1702,1995
3568,1662,2129
3569,1612,2241
3570,1552,2325
3571,1481,2377
3572,1405,2401
3573,1325,2393
3574,1245,2357
3575,1162,2287
3576,1083,2191
3577,999,2059
3578,935,1919
3579,873,1753
3580,824,1577
3581,786,1393
3582,761,1201
3583,746,1011
3584,744,825
3585,759,655
3586,787,503
3587,831,373
3588,873,255
3589,937,177
3590,1006,127
3591,1079,105
3592,1160,119
3593,1241,165
3594,1320,235
3595,1400,341
3596,1477,469
3597,1547,621
3598,1609,791
3599,1660,971
3600,1696,1155
3601,1725,1349
3602,1736,1535
3603,1737,1715
3604,1723,1885
3605,1694,2035
3606,1651,2161
3607,1598,2267
3608,1534,2341
3609,1462,2385
3610,1386,2403
3611,1305,2387
3612,1221,2341
3613,1141,2265
3614,1061,2159
3615,983,2025
3616,917,1875
3617,860,1709
3618,816,1531
3619,780,1343
3620,756,1151
3621,745,961
3622,749,781
3623,768,615
3624,796,463
3625,840,337
3626,895,235
3627,954,157
3628,1022,113
3629,1101,103
3630,1179,123
3631,1262,175
3632,1346,261
3633,1426,373
3634,1496,503
3635,1564,659
3636,1622,831
3637,1669,1013
3638,1704,1201
3639,1729,1393
3640,1740,1581
3641,1735,1757
3642,1714,1919
3643,1683,2065
3644,1637,2187
3645,1583,2285
3646,1516,2351
3647,1445,2393
3648,1365,2397
3649,1282,2371
3650,1199,2317
3651,1119,2233
3652,1042,2123
3653,967,1985
3654,903,1829
3655,849,1661
3656,805,1477
3657,771,1287
3658,751,1095
3659,745,909
3660,753,733
3661,774,569
3662,809,425
3663,853,303
3664,907,207
3665,964,133
3666,1045,107
3667,1121,103
3668,1204,135
3669,1285,197
3670,1367,287
3671,1447,405
3672,1516,545
3673,1580,703
3674,1634,877
3675,1682,1065
3676,1723,1265
3677,1734,1445
3678,1744,1633
3679,1731,1803
3680,1705,1959
3681,1672,2099
3682,1625,2217
3683,1568,2307
3684,1504,2371
3685,1424,2395
3686,1344,2393
3687,1260,2361
3688,1177,2297
3689,1097,2207
3690,1021,2087
3691,952,1949
3692,889,1789
3693,836,1613
3694,795,1427
3695,765,1237
3696,749,1047
3697,749,865
3698,758,689
3699,783,531
3700,818,391
3701,866,277
3702,922,187
3703,994,135
3704,1066,105
3705,1145,113
3706,1225,151
3707,1309,219
3708,1387,315
3709,1475,451
3710,1533,585
3711,1598,751
3712,1651,929
3713,1694,1117
3714,1722,1307
3715,1736,1495
3716,1737,1675
3717,1727,1847
3718,1700,2001
3719,1662,2135
3720,1609,2243
3721,1549,2327
3722,1483,2381
3723,1403,2399
3724,1323,2389
3725,1238,2347
3726,1156,2277
3727,1077,2179
3728,1008,2061
3729,936,1911
3730,872,1741
3731,823,1565
3732,786,1379
3733,759,1187
3734,749,999
3735,751,819
3736,766,647
3737,792,491
3738,825,353
3739,878,247
3740,942,171
3741,1014,125
3742,1086,103
3743,1165,119
3744,1246,165
3745,1329,243
3746,1407,345
3747,1489,485
3748,1552,629
3749,1612,799
3750,1663,979
3751,1702,1167
3752,1726,1357
3753,1742,1549
3754,1738,1725
3755,1721,1891
3756,1691,2039
3757,1650,2167
3758,1595,2269
3759,1532,2343
3760,1461,2389
3761,1382,2401
3762,1302,2385
3763,1219,2337
3764,1133,2253
3765,1057,2149
3766,985,2023
3767,916,1867
3768,860,1699
3769,816,1521
3770,778,1329
3771,758,1141
3772,753,959
3773,752,773
3774,769,605
3775,800,455
3776,843,331
3777,897,229
3778,960,157
3779,1032,117
3780,1107,107
3781,1184,125
3782,1267,183
3783,1347,263
3784,1430,381
3785,1504,519
3786,1569,673
3787,1628,845
3788,1674,1029
3789,1709,1219
3790,1731,1407
3791,1744,1597
3792,1734,1769
3793,1714,1931
3794,1682,2075
3795,1635,2195
3796,1579,2289
3797,1522,2367
3798,1442,2397
3799,1364,2401
3800,1281,2375
3801,1196,2317
3802,1115,2231
3803,1038,2117
3804,965,1981
3805,901,1825
3806,847,1651
3807,804,1469
3808,766,1273
3809,753,1089
3810,745,901
3811,752,721
3812,776,561
3813,813,421
3814,857,301
3815,912,205
3816,980,145
3817,1049,107
3818,1129,111
3819,1206,137
3820,1292,203
3821,1374,295
3822,1451,415
3823,1524,557
3824,1586,717
3825,1641,891
3826,1684,1077
3827,1715,1265
3828,1739,1461
3829,1742,1643
3830,1731,1813
3831,1706,1969
3832,1671,2109
3833,1621,2223
3834,1563,2311
3835,1497,2373
3836,1424,2401
3837,1343,2397
3838,1257,2359
3839,1173,2295
3840,1093,2201
3841,1021,2087
3842,948,1941
3843,888,1781
3844,835,1605
3845,794,1419
3846,758,1219
3847,749,1039
3848,748,855
3849,760,681
3850,787,525
3851,822,385
3852,864,265
3853,926,183
3854,998,133
3855,1070,105
3856,1149,115
3857,1230,155
3858,1315,227
3859,1391,323
3860,1469,449
3861,1539,597
3862,1600,761
3863,1651,939
3864,1694,1129
3865,1725,1323
3866,1741,1513
3867,1739,1689
3868,1724,1857
3869,1699,2011
3870,1659,2143
3871,1607,2251
3872,1547,2335
3873,1481,2389
3874,1398,2403
3875,1319,2391
3876,1229,2343
3877,1153,2277
3878,1073,2177
3879,1002,2055
3880,931,1905
3881,872,1739
3882,822,1559
3883,784,1371
3884,758,1181
3885,742,985
3886,752,813
3887,766,643
3888,794,489
3889,833,355
3890,887,253
3891,945,173
3892,1015,125
3893,1090,109
3894,1172,127
3895,1252,173
3896,1332,249
3897,1411,355
3898,1487,487
3899,1556,643
3900,1616,811
3901,1666,993
3902,1703,1181
3903,1729,1371
3904,1740,1559
3905,1736,1737
3906,1720,1901
3907,1692,2051
3908,1648,2177
3909,1593,2275
3910,1536,2357
3911,1458,2393
3912,1378,2403
3913,1297,2383
3914,1214,2333
3915,1135,2255
3916,1054,2145
3917,981,2015
3918,917,1863
3919,857,1691
3920,809,1507
3921,776,1321
3922,755,1129
3923,749,945
3924,753,763
3925,771,597
3926,801,449
3927,845,323
3928,900,225
3929,965,157
3930,1037,117
3931,1111,109
3932,1190,131
3933,1273,189
3934,1355,275
3935,1432,387
3936,1510,529
3937,1574,683
3938,1631,857
3939,1676,1039
3940,1713,1233
3941,1731,1419
3942,1740,1605
3943,1733,1781
3944,1714,1943
3945,1680,2085
3946,1633,2203
3947,1575,2297
3948,1513,2367
3949,1436,2397
3950,1357,2401
3951,1275,2373
3952,1193,2317
3953,1110,2227
3954,1041,2121
3955,963,1977
3956,898,1817
3957,844,1643
3958,802,1461
3959,773,1273
3960,753,1081
3961,746,895
3962,758,721
3963,777,555
3964,812,415
3965,859,295
3966,917,205
3967,981,143
3968,1055,113
3969,1130,111
3970,1212,145
3971,1296,209
3972,1376,303
3973,1457,427
3974,1527,569
3975,1593,733
3976,1643,905
3977,1686,1091
3978,1716,1281
3979,1734,1471
3980,1740,1655
3981,1731,1829
3982,1704,1983
3983,1668,2119
3984,1624,2239
3985,1558,2319
3986,1492,2377
3987,1416,2405
3988,1338,2403
3989,1254,2363
3990,1170,2297
3991,1090,2201
3992,1012,2079
3993,942,1935
3994,883,1775
3995,834,1601
3996,791,1413
3997,763,1221
3998,737,1019
3999,746,847
4000,761,677
4001,786,519
4002,826,385
4003,876,273
4004,933,185
4005,1001,133
4006,1074,109
4007,1152,119
4008,1235,161
4009,1319,235
4010,1399,337
4011,1473,461
4012,1543,611
4013,1602,775
4014,1656,955
4015,1695,1141
4016,1722,1333
4017,1736,1519
4018,1738,1701
4019,1725,1873
4020,1695,2021
4021,1655,2153
4022,1604,2259
4023,1544,2341
4024,1473,2389
4025,1397,2409
4026,1314,2393
4027,1226,2343
4028,1150,2277
4029,1067,2169
4030,994,2045
4031,926,1895
4032,869,1731
4033,820,1551
4034,782,1361
4035,757,1171
4036,744,979
4037,750,801
4038,766,633
4039,797,481
4040,836,351
4041,887,245
4042,954,173
4043,1019,125
4044,1093,107
4045,1176,129
4046,1256,177
4047,1340,259
4048,1417,365
4049,1488,493
4050,1557,649
4051,1617,819
4052,1669,1005
4053,1707,1195
4054,1731,1385
4055,1736,1565
4056,1735,1747
4057,1718,1911
4058,1687,2059
4059,1644,2185
4060,1590,2285
4061,1521,2351
4062,1451,2393
4063,1373,2405
4064,1291,2383
4065,1207,2329
4066,1126,2247
4067,1049,2141
4068,974,2005
4069,910,1853
4070,853,1681
4071,809,1501
4072,774,1311
4073,755,1123
4074,745,933
4075,753,755
4076,771,589
4077,804,443
4078,847,319
4079,900,219
4080,962,147
4081,1039,117
4082,1117,113
4083,1196,137
4084,1279,197
4085,1358,281
4086,1418,377
4087,1508,533
4088,1574,695
4089,1634,871
4090,1680,1057
4091,1710,1243
4092,1732,1433
4093,1738,1617
4094,1730,1791
4095,1712,1953
4096,1679,2097
