1,1256
2,1236
3,1215
4,1194
5,1175
6,1155
7,1138
8,1123
9,1110
10,1101
11,1095
12,1092
13,1093
14,1097
15,1105
16,1115
17,1129
18,1144
19,1163
20,1183
21,1204
22,1225
23,1246
24,1264
25,1282
26,1300
27,1312
28,1322
29,1330
30,1332
31,1332
32,1329
33,1322
34,1312
35,1299
36,1281
37,1263
38,1243
39,1223
40,1201
41,1180
42,1160
43,1142
44,1126
45,1113
46,1105
47,1097
48,1093
49,1093
50,1097
51,1104
52,1112
53,1126
54,1141
55,1156
56,1175
57,1194
58,1217
59,1238
60,1258
61,1277
62,1295
63,1308
64,1320
65,1328
66,1333
67,1333
68,1331
69,1325
70,1315
71,1302
72,1286
73,1268
74,1250
75,1229
76,1209
77,1189
78,1171
79,1153
80,1136
81,1121
82,1108
83,1099
84,1095
85,1093
86,1095
87,1099
88,1107
89,1120
90,1134
91,1152
92,1170
93,1190
94,1211
95,1233
96,1251
97,1270
98,1288
99,1303
100,1315
101,1323
102,1329
103,1333
104,1331
105,1326
106,1318
107,1306
108,1292
109,1275
110,1255
111,1237
112,1215
113,1196
114,1177
115,1157
116,1139
117,1124
118,1112
119,1104
120,1097
121,1094
122,1095
123,1100
124,1107
125,1117
126,1131
127,1145
128,1162
129,1181
130,1202
131,1221
132,1243
133,1263
134,1281
135,1297
136,1310
137,1320
138,1328
139,1333
140,1331
141,1329
142,1322
143,1310
144,1297
145,1281
146,1263
147,1244
148,1225
149,1205
150,1184
151,1164
152,1145
153,1129
154,1117
155,1105
156,1098
157,1093
158,1093
159,1095
160,1101
161,1110
162,1122
163,1138
164,1156
165,1175
166,1195
167,1214
168,1234
169,1254
170,1275
171,1292
172,1306
173,1317
174,1327
175,1331
176,1333
177,1330
178,1324
179,1317
180,1304
181,1288
182,1272
183,1252
184,1232
185,1211
186,1191
187,1170
188,1152
189,1135
190,1120
191,1109
192,1100
193,1095
194,1094
195,1095
196,1100
197,1108
198,1118
199,1133
200,1148
201,1167
202,1187
203,1207
204,1228
205,1249
206,1268
207,1285
208,1301
209,1312
210,1322
211,1329
212,1332
213,1331
214,1328
215,1321
216,1310
217,1295
218,1277
219,1259
220,1240
221,1218
222,1196
223,1177
224,1159
225,1141
226,1126
227,1114
228,1105
229,1098
230,1093
231,1095
232,1099
233,1104
234,1113
235,1125
236,1141
237,1158
238,1178
239,1199
240,1220
241,1240
242,1260
243,1279
244,1297
245,1310
246,1322
247,1329
248,1333
249,1332
250,1329
251,1322
252,1312
253,1298
254,1281
255,1263
256,1244
257,1224
258,1204
259,1185
260,1167
261,1149
262,1133
263,1117
264,1106
265,1098
266,1093
267,1092
268,1095
269,1101
270,1111
271,1122
272,1139
273,1157
274,1175
275,1195
276,1215
277,1234
278,1254
279,1273
280,1293
281,1307
282,1319
283,1328
284,1333
285,1335
286,1332
287,1326
288,1318
289,1307
290,1291
291,1273
292,1254
293,1233
294,1214
295,1194
296,1175
297,1155
298,1138
299,1124
300,1112
301,1102
302,1095
303,1093
304,1092
305,1096
306,1105
307,1117
308,1131
309,1147
310,1165
311,1185
312,1205
313,1227
314,1246
315,1264
316,1282
317,1299
318,1314
319,1322
320,1329
321,1333
322,1332
323,1330
324,1324
325,1312
326,1296
327,1278
328,1259
329,1241
330,1221
331,1200
332,1181
333,1161
334,1142
335,1126
336,1113
337,1104
338,1098
339,1094
340,1094
341,1098
342,1105
343,1115
344,1127
345,1143
346,1161
347,1181
348,1199
349,1219
350,1237
351,1257
352,1275
353,1292
354,1308
355,1319
356,1328
357,1333
358,1334
359,1331
360,1324
361,1313
362,1301
363,1286
364,1268
365,1248
366,1228
367,1208
368,1186
369,1168
370,1149
371,1132
372,1119
373,1107
374,1099
375,1095
376,1094
377,1095
378,1100
379,1109
380,1121
381,1137
382,1153
383,1172
384,1191
385,1210
386,1231
387,1252
388,1271
389,1289
390,1304
391,1316
392,1325
393,1332
394,1334
395,1332
396,1326
397,1318
398,1306
399,1290
400,1272
401,1253
402,1232
403,1212
404,1193
405,1174
406,1154
407,1137
408,1122
409,1110
410,1101
411,1096
412,1093
413,1093
414,1097
415,1105
416,1115
417,1128
418,1145
419,1164
420,1184
421,1203
422,1226
423,1246
424,1264
425,1283
426,1298
427,1311
428,1321
429,1328
430,1331
431,1331
432,1328
433,1321
434,1310
435,1296
436,1280
437,1262
438,1242
439,1223
440,1203
441,1182
442,1163
443,1144
444,1128
445,1116
446,1107
447,1097
448,1092
449,1092
450,1097
451,1105
452,1114
453,1127
454,1142
455,1159
456,1179
457,1197
458,1218
459,1238
460,1258
461,1276
462,1293
463,1308
464,1321
465,1328
466,1334
467,1336
468,1334
469,1326
470,1316
471,1302
472,1285
473,1269
474,1250
475,1228
476,1207
477,1187
478,1168
479,1149
480,1133
481,1117
482,1105
483,1098
484,1095
485,1091
486,1094
487,1098
488,1106
489,1118
490,1134
491,1152
492,1171
493,1190
494,1211
495,1231
496,1252
497,1271
498,1289
499,1304
500,1316
501,1325
502,1331
503,1333
504,1332
505,1328
506,1319
507,1307
508,1292
509,1275
510,1255
511,1237
512,1217
513,1195
514,1173
515,1154
516,1137
517,1123
518,1110
519,1101
520,1096
521,1092
522,1093
523,1098
524,1106
525,1115
526,1129
527,1145
528,1163
529,1182
530,1202
531,1223
532,1244
533,1264
534,1281
535,1296
536,1309
537,1319
538,1327
539,1331
540,1332
541,1328
542,1321
543,1312
544,1299
545,1282
546,1265
547,1244
548,1224
549,1203
550,1182
551,1164
552,1145
553,1129
554,1115
555,1106
556,1099
557,1094
558,1093
559,1095
560,1103
561,1112
562,1123
563,1139
564,1157
565,1175
566,1193
567,1215
568,1235
569,1256
570,1275
571,1292
572,1305
573,1317
574,1326
575,1333
576,1335
577,1332
578,1327
579,1318
580,1304
581,1288
582,1270
583,1251
584,1231
585,1210
586,1189
587,1168
588,1149
589,1133
590,1119
591,1108
592,1100
593,1095
594,1094
595,1095
596,1101
597,1107
598,1120
599,1132
600,1149
601,1169
602,1187
603,1207
604,1228
605,1247
606,1268
607,1285
608,1300
609,1312
610,1321
611,1327
612,1331
613,1331
614,1326
615,1319
616,1308
617,1293
618,1277
619,1258
620,1237
621,1217
622,1197
623,1177
624,1159
625,1142
626,1128
627,1115
628,1105
629,1097
630,1094
631,1093
632,1098
633,1106
634,1116
635,1129
636,1145
637,1162
638,1180
639,1200
640,1222
641,1242
642,1262
643,1279
644,1297
645,1310
646,1320
647,1329
648,1334
649,1334
650,1331
651,1324
652,1313
653,1299
654,1282
655,1262
656,1244
657,1226
658,1205
659,1185
660,1165
661,1148
662,1132
663,1118
664,1108
665,1101
666,1094
667,1093
668,1095
669,1101
670,1110
671,1123
672,1138
673,1155
674,1173
675,1193
676,1214
677,1233
678,1253
679,1271
680,1288
681,1303
682,1315
683,1324
684,1331
685,1332
686,1330
687,1324
688,1315
689,1305
690,1288
691,1272
692,1253
693,1232
694,1212
695,1191
696,1171
697,1152
698,1136
699,1120
700,1110
701,1102
702,1097
703,1095
704,1096
705,1099
706,1107
707,1117
708,1130
709,1148
710,1166
711,1186
712,1206
713,1226
714,1247
715,1266
716,1284
717,1300
718,1314
719,1324
720,1330
721,1334
722,1334
723,1328
724,1321
725,1308
726,1294
727,1278
728,1259
729,1239
730,1221
731,1200
732,1180
733,1162
734,1144
735,1128
736,1114
737,1105
738,1097
739,1093
740,1093
741,1097
742,1103
743,1111
744,1124
745,1141
746,1160
747,1178
748,1200
749,1220
750,1240
751,1259
752,1278
753,1293
754,1308
755,1319
756,1327
757,1332
758,1334
759,1331
760,1324
761,1313
762,1300
763,1285
764,1267
765,1250
766,1228
767,1205
768,1185
769,1164
770,1147
771,1131
772,1118
773,1107
774,1099
775,1096
776,1093
777,1095
778,1098
779,1108
780,1120
781,1136
782,1154
783,1171
784,1193
785,1212
786,1233
787,1252
788,1270
789,1288
790,1304
791,1317
792,1325
793,1329
794,1332
795,1331
796,1327
797,1318
798,1307
799,1292
800,1275
801,1255
802,1236
803,1214
804,1195
805,1174
806,1155
807,1137
808,1123
809,1112
810,1103
811,1098
812,1094
813,1094
814,1099
815,1108
816,1118
817,1130
818,1146
819,1164
820,1183
821,1204
822,1224
823,1243
824,1264
825,1281
826,1297
827,1312
828,1323
829,1330
830,1334
831,1332
832,1328
833,1320
834,1310
835,1297
836,1281
837,1261
838,1241
839,1221
840,1201
841,1183
842,1163
843,1145
844,1129
845,1116
846,1104
847,1097
848,1095
849,1093
850,1095
851,1100
852,1111
853,1124
854,1140
855,1157
856,1176
857,1195
858,1217
859,1237
860,1257
861,1275
862,1292
863,1307
864,1319
865,1328
866,1333
867,1334
868,1331
869,1325
870,1314
871,1303
872,1289
873,1269
874,1250
875,1230
876,1209
877,1187
878,1169
879,1151
880,1134
881,1119
882,1108
883,1101
884,1096
885,1092
886,1093
887,1099
888,1107
889,1120
890,1136
891,1153
892,1171
893,1191
894,1209
895,1229
896,1249
897,1268
898,1286
899,1302
900,1315
901,1324
902,1330
903,1332
904,1331
905,1325
906,1318
907,1307
908,1294
909,1275
910,1257
911,1238
912,1218
913,1197
914,1176
915,1156
916,1140
917,1123
918,1110
919,1101
920,1095
921,1092
922,1094
923,1097
924,1104
925,1115
926,1129
927,1145
928,1162
929,1182
930,1201
931,1223
932,1243
933,1263
934,1280
935,1295
936,1309
937,1319
938,1326
939,1331
940,1332
941,1327
942,1321
943,1312
944,1298
945,1282
946,1264
947,1245
948,1225
949,1205
950,1185
951,1164
952,1145
953,1129
954,1117
955,1106
956,1098
957,1095
958,1093
959,1096
960,1101
961,1110
962,1122
963,1137
964,1156
965,1174
966,1193
967,1214
968,1234
969,1255
970,1274
971,1290
972,1306
973,1318
974,1326
975,1331
976,1333
977,1332
978,1327
979,1317
980,1304
981,1287
982,1269
983,1251
984,1231
985,1211
986,1190
987,1172
988,1152
989,1137
990,1122
991,1110
992,1101
993,1094
994,1090
995,1091
996,1097
997,1105
998,1117
999,1132
1000,1149
1001,1169
1002,1189
1003,1210
1004,1229
1005,1249
1006,1267
1007,1286
1008,1300
1009,1312
1010,1323
1011,1329
1012,1333
1013,1331
1014,1328
1015,1321
1016,1309
1017,1294
1018,1276
1019,1257
1020,1237
1021,1215
1022,1195
1023,1175
1024,1158
1025,1141
1026,1126
1027,1114
1028,1104
1029,1096
1030,1093
1031,1093
1032,1098
1033,1105
1034,1115
1035,1128
1036,1143
1037,1162
1038,1181
1039,1201
1040,1222
1041,1242
1042,1260
1043,1278
1044,1295
1045,1310
1046,1320
1047,1329
1048,1333
1049,1333
1050,1329
1051,1322
1052,1311
1053,1299
1054,1284
1055,1265
1056,1245
1057,1224
1058,1204
1059,1185
1060,1165
1061,1147
1062,1131
1063,1116
1064,1105
1065,1097
1066,1094
1067,1093
1068,1096
1069,1102
1070,1110
1071,1122
1072,1136
1073,1154
1074,1173
1075,1193
1076,1213
1077,1232
1078,1252
1079,1271
1080,1290
1081,1306
1082,1318
1083,1327
1084,1333
1085,1334
1086,1331
1087,1326
1088,1316
1089,1303
1090,1288
1091,1272
1092,1253
1093,1233
1094,1211
1095,1192
1096,1173
1097,1155
1098,1139
1099,1125
1100,1113
1101,1103
1102,1096
1103,1095
1104,1095
1105,1100
1106,1108
1107,1119
1108,1132
1109,1148
1110,1168
1111,1188
1112,1207
1113,1228
1114,1248
1115,1268
1116,1287
1117,1303
1118,1315
1119,1324
1120,1331
1121,1334
1122,1333
1123,1330
1124,1322
1125,1310
1126,1296
1127,1279
1128,1261
1129,1241
1130,1221
1131,1200
1132,1180
1133,1163
1134,1145
1135,1128
1136,1115
1137,1104
1138,1096
1139,1093
1140,1094
1141,1097
1142,1105
1143,1115
1144,1127
1145,1143
1146,1161
1147,1178
1148,1198
1149,1217
1150,1237
1151,1257
1152,1277
1153,1293
1154,1308
1155,1319
1156,1326
1157,1331
1158,1333
1159,1330
1160,1322
1161,1312
1162,1300
1163,1284
1164,1266
1165,1248
1166,1229
1167,1208
1168,1187
1169,1167
1170,1148
1171,1132
1172,1118
1173,1108
1174,1099
1175,1094
1176,1095
1177,1096
1178,1102
1179,1110
1180,1123
1181,1137
1182,1153
1183,1171
1184,1190
1185,1210
1186,1231
1187,1252
1188,1272
1189,1289
1190,1303
1191,1316
1192,1325
1193,1332
1194,1332
1195,1330
1196,1326
1197,1317
1198,1307
1199,1292
1200,1274
1201,1255
1202,1236
1203,1216
1204,1195
1205,1174
1206,1156
1207,1139
1208,1123
1209,1111
1210,1102
1211,1096
1212,1092
1213,1094
1214,1098
1215,1106
1216,1117
1217,1130
1218,1146
1219,1163
1220,1184
1221,1204
1222,1224
1223,1245
1224,1263
1225,1280
1226,1296
1227,1310
1228,1320
1229,1327
1230,1331
1231,1331
1232,1329
1233,1322
1234,1312
1235,1298
1236,1281
1237,1261
1238,1241
1239,1220
1240,1200
1241,1180
1242,1161
1243,1143
1244,1128
1245,1114
1246,1104
1247,1098
1248,1093
1249,1093
1250,1096
1251,1102
1252,1111
1253,1125
1254,1140
1255,1157
1256,1176
1257,1197
1258,1219
1259,1238
1260,1258
1261,1274
1262,1291
1263,1305
1264,1318
1265,1327
1266,1332
1267,1334
1268,1333
1269,1326
1270,1315
1271,1303
1272,1288
1273,1269
1274,1248
1275,1229
1276,1207
1277,1187
1278,1167
1279,1150
1280,1133
1281,1119
1282,1108
1283,1100
1284,1095
1285,1093
1286,1094
1287,1101
1288,1109
1289,1120
1290,1134
1291,1152
1292,1169
1293,1188
1294,1209
1295,1229
1296,1249
1297,1268
1298,1286
1299,1301
1300,1315
1301,1325
1302,1330
1303,1332
1304,1333
1305,1328
1306,1319
1307,1307
1308,1293
1309,1276
1310,1258
1311,1239
1312,1217
1313,1195
1314,1175
1315,1156
1316,1138
1317,1123
1318,1113
1319,1103
1320,1096
1321,1094
1322,1093
1323,1098
1324,1105
1325,1116
1326,1130
1327,1145
1328,1162
1329,1182
1330,1201
1331,1222
1332,1244
1333,1264
1334,1283
1335,1299
1336,1312
1337,1321
1338,1326
1339,1331
1340,1332
1341,1329
1342,1321
1343,1312
1344,1299
1345,1282
1346,1263
1347,1242
1348,1221
1349,1201
1350,1182
1351,1163
1352,1145
1353,1131
1354,1116
1355,1105
1356,1098
1357,1094
1358,1092
1359,1095
1360,1101
1361,1111
1362,1124
1363,1139
1364,1156
1365,1175
1366,1195
1367,1215
1368,1236
1369,1256
1370,1274
1371,1292
1372,1307
1373,1319
1374,1326
1375,1332
1376,1333
1377,1331
1378,1325
1379,1317
1380,1306
1381,1290
1382,1271
1383,1253
1384,1234
1385,1212
1386,1191
1387,1171
1388,1152
1389,1135
1390,1122
1391,1109
1392,1098
1393,1093
1394,1091
1395,1093
1396,1099
1397,1108
1398,1119
1399,1134
1400,1149
1401,1168
1402,1187
1403,1207
1404,1227
1405,1245
1406,1266
1407,1284
1408,1301
1409,1315
1410,1324
1411,1331
1412,1334
1413,1333
1414,1326
1415,1318
1416,1307
1417,1294
1418,1276
1419,1256
1420,1237
1421,1216
1422,1196
1423,1176
1424,1158
1425,1139
1426,1124
1427,1112
1428,1103
1429,1096
1430,1091
1431,1090
1432,1095
1433,1102
1434,1112
1435,1127
1436,1143
1437,1159
1438,1179
1439,1198
1440,1220
1441,1240
1442,1260
1443,1279
1444,1295
1445,1310
1446,1320
1447,1327
1448,1331
1449,1331
1450,1329
1451,1323
1452,1313
1453,1300
1454,1283
1455,1265
1456,1247
1457,1227
1458,1206
1459,1185
1460,1166
1461,1146
1462,1130
1463,1116
1464,1104
1465,1097
1466,1093
1467,1091
1468,1094
1469,1099
1470,1110
1471,1122
1472,1136
1473,1154
1474,1172
1475,1194
1476,1216
1477,1235
1478,1254
1479,1273
1480,1290
1481,1304
1482,1317
1483,1326
1484,1332
1485,1334
1486,1331
1487,1326
1488,1318
1489,1306
1490,1291
1491,1273
1492,1254
1493,1233
1494,1214
1495,1192
1496,1172
1497,1153
1498,1137
1499,1124
1500,1111
1501,1102
1502,1095
1503,1093
1504,1095
1505,1099
1506,1107
1507,1120
1508,1133
1509,1150
1510,1168
1511,1187
1512,1206
1513,1227
1514,1247
1515,1266
1516,1284
1517,1299
1518,1313
1519,1322
1520,1329
1521,1333
1522,1332
1523,1327
1524,1320
1525,1311
1526,1296
1527,1278
1528,1259
1529,1239
1530,1219
1531,1199
1532,1178
1533,1160
1534,1141
1535,1126
1536,1113
1537,1103
1538,1097
1539,1093
1540,1092
1541,1095
1542,1103
1543,1113
1544,1126
1545,1142
1546,1160
1547,1179
1548,1198
1549,1217
1550,1237
1551,1257
1552,1277
1553,1295
1554,1308
1555,1319
1556,1327
1557,1331
1558,1333
1559,1330
1560,1323
1561,1313
1562,1302
1563,1284
1564,1265
1565,1247
1566,1227
1567,1207
1568,1187
1569,1168
1570,1150
1571,1132
1572,1119
1573,1107
1574,1099
1575,1095
1576,1094
1577,1095
1578,1100
1579,1109
1580,1122
1581,1135
1582,1152
1583,1170
1584,1191
1585,1210
1586,1230
1587,1252
1588,1271
1589,1289
1590,1304
1591,1317
1592,1327
1593,1333
1594,1336
1595,1333
1596,1326
1597,1320
1598,1308
1599,1291
1600,1274
1601,1255
1602,1236
1603,1216
1604,1195
1605,1174
1606,1155
1607,1138
1608,1121
1609,1111
1610,1102
1611,1095
1612,1092
1613,1094
1614,1099
1615,1107
1616,1117
1617,1129
1618,1144
1619,1163
1620,1183
1621,1204
1622,1225
1623,1244
1624,1264
1625,1282
1626,1298
1627,1311
1628,1321
1629,1329
1630,1335
1631,1335
1632,1329
1633,1322
1634,1310
1635,1297
1636,1279
1637,1262
1638,1245
1639,1224
1640,1202
1641,1183
1642,1161
1643,1144
1644,1128
1645,1115
1646,1105
1647,1097
1648,1092
1649,1093
1650,1095
1651,1100
1652,1110
1653,1122
1654,1137
1655,1156
1656,1176
1657,1196
1658,1216
1659,1236
1660,1255
1661,1276
1662,1293
1663,1307
1664,1319
1665,1328
1666,1332
1667,1332
1668,1329
1669,1323
1670,1314
1671,1300
1672,1283
1673,1266
1674,1248
1675,1227
1676,1208
1677,1187
1678,1167
1679,1151
1680,1135
1681,1120
1682,1108
1683,1098
1684,1094
1685,1092
1686,1095
1687,1099
1688,1109
1689,1120
1690,1136
1691,1153
1692,1171
1693,1190
1694,1210
1695,1230
1696,1249
1697,1269
1698,1288
1699,1302
1700,1315
1701,1324
1702,1331
1703,1334
1704,1332
1705,1326
1706,1319
1707,1308
1708,1292
1709,1275
1710,1256
1711,1237
1712,1219
1713,1198
1714,1177
1715,1158
1716,1141
1717,1124
1718,1111
1719,1103
1720,1097
1721,1094
1722,1094
1723,1098
1724,1106
1725,1114
1726,1128
1727,1144
1728,1162
1729,1182
1730,1202
1731,1222
1732,1243
1733,1263
1734,1281
1735,1297
1736,1310
1737,1321
1738,1328
1739,1333
1740,1332
1741,1328
1742,1320
1743,1309
1744,1295
1745,1280
1746,1263
1747,1244
1748,1224
1749,1203
1750,1182
1751,1163
1752,1144
1753,1129
1754,1116
1755,1105
1756,1098
1757,1093
1758,1092
1759,1095
1760,1100
1761,1111
1762,1125
1763,1140
1764,1158
1765,1176
1766,1196
1767,1216
1768,1236
1769,1256
1770,1275
1771,1292
1772,1306
1773,1318
1774,1327
1775,1332
1776,1331
1777,1330
1778,1326
1779,1315
1780,1303
1781,1290
1782,1271
1783,1253
1784,1232
1785,1213
1786,1192
1787,1172
1788,1153
1789,1137
1790,1123
1791,1111
1792,1102
1793,1097
1794,1094
1795,1094
1796,1100
1797,1109
1798,1121
1799,1136
1800,1150
1801,1168
1802,1187
1803,1207
1804,1229
1805,1249
1806,1269
1807,1287
1808,1301
1809,1314
1810,1323
1811,1329
1812,1333
1813,1332
1814,1327
1815,1321
1816,1310
1817,1295
1818,1276
1819,1258
1820,1238
1821,1220
1822,1200
1823,1179
1824,1159
1825,1140
1826,1124
1827,1112
1828,1103
1829,1096
1830,1094
1831,1094
1832,1098
1833,1105
1834,1116
1835,1128
1836,1143
1837,1160
1838,1180
1839,1200
1840,1219
1841,1239
1842,1259
1843,1277
1844,1295
1845,1310
1846,1320
1847,1328
1848,1333
1849,1332
1850,1328
1851,1322
1852,1312
1853,1299
1854,1283
1855,1266
1856,1246
1857,1225
1858,1205
1859,1185
1860,1165
1861,1148
1862,1131
1863,1118
1864,1108
1865,1100
1866,1095
1867,1094
1868,1095
1869,1099
1870,1110
1871,1122
1872,1137
1873,1155
1874,1173
1875,1193
1876,1213
1877,1234
1878,1252
1879,1272
1880,1290
1881,1305
1882,1317
1883,1326
1884,1332
1885,1334
1886,1332
1887,1326
1888,1317
1889,1305
1890,1290
1891,1273
1892,1254
1893,1235
1894,1213
1895,1192
1896,1172
1897,1153
1898,1136
1899,1123
1900,1111
1901,1102
1902,1097
1903,1093
1904,1094
1905,1098
1906,1106
1907,1118
1908,1131
1909,1148
1910,1166
1911,1185
1912,1206
1913,1227
1914,1246
1915,1267
1916,1283
1917,1299
1918,1312
1919,1323
1920,1330
1921,1333
1922,1332
1923,1328
1924,1319
1925,1309
1926,1295
1927,1279
1928,1260
1929,1240
1930,1221
1931,1201
1932,1181
1933,1161
1934,1144
1935,1129
1936,1115
1937,1105
1938,1099
1939,1094
1940,1093
1941,1098
1942,1104
1943,1114
1944,1126
1945,1142
1946,1158
1947,1177
1948,1197
1949,1220
1950,1241
1951,1259
1952,1277
1953,1294
1954,1307
1955,1319
1956,1327
1957,1330
1958,1331
1959,1328
1960,1323
1961,1313
1962,1300
1963,1284
1964,1267
1965,1248
1966,1227
1967,1205
1968,1185
1969,1165
1970,1148
1971,1132
1972,1118
1973,1106
1974,1097
1975,1093
1976,1093
1977,1096
1978,1101
1979,1109
1980,1120
1981,1136
1982,1153
1983,1171
1984,1191
1985,1212
1986,1232
1987,1253
1988,1272
1989,1289
1990,1304
1991,1317
1992,1327
1993,1332
1994,1334
1995,1332
1996,1327
1997,1317
1998,1305
1999,1289
2000,1272
2001,1255
2002,1236
2003,1214
2004,1192
2005,1174
2006,1155
2007,1138
2008,1124
2009,1112
2010,1102
2011,1095
2012,1092
2013,1092
2014,1097
2015,1104
2016,1117
2017,1131
2018,1146
2019,1164
2020,1184
2021,1204
2022,1225
2023,1245
2024,1264
2025,1283
2026,1299
2027,1311
2028,1321
2029,1328
2030,1332
2031,1332
2032,1327
2033,1321
2034,1309
2035,1295
2036,1280
2037,1263
2038,1243
2039,1222
2040,1202
2041,1181
2042,1163
2043,1144
2044,1128
2045,1116
2046,1106
2047,1098
2048,1095
2049,1095
2050,1098
2051,1104
2052,1113
2053,1126
2054,1140
2055,1157
2056,1176
2057,1197
2058,1217
2059,1237
2060,1257
2061,1276
2062,1293
2063,1308
2064,1320
2065,1327
2066,1332
2067,1334
2068,1331
2069,1325
2070,1316
2071,1304
2072,1288
2073,1269
2074,1249
2075,1229
2076,1208
2077,1188
2078,1170
2079,1152
2080,1136
2081,1121
2082,1109
2083,1101
2084,1095
2085,1092
2086,1094
2087,1102
2088,1109
2089,1121
2090,1133
2091,1149
2092,1169
2093,1190
2094,1210
2095,1230
2096,1250
2097,1267
2098,1285
2099,1301
2100,1314
2101,1322
2102,1330
2103,1331
2104,1329
2105,1323
2106,1317
2107,1306
2108,1293
2109,1276
2110,1257
2111,1236
2112,1216
2113,1195
2114,1175
2115,1156
2116,1138
2117,1122
2118,1110
2119,1102
2120,1094
2121,1091
2122,1092
2123,1096
2124,1104
2125,1115
2126,1129
2127,1145
2128,1162
2129,1182
2130,1202
2131,1223
2132,1246
2133,1265
2134,1282
2135,1297
2136,1310
2137,1321
2138,1329
2139,1331
2140,1333
2141,1328
2142,1321
2143,1311
2144,1298
2145,1280
2146,1263
2147,1242
2148,1223
2149,1202
2150,1183
2151,1163
2152,1146
2153,1131
2154,1118
2155,1109
2156,1101
2157,1096
2158,1094
2159,1096
2160,1101
2161,1110
2162,1122
2163,1138
2164,1156
2165,1175
2166,1195
2167,1215
2168,1236
2169,1255
2170,1274
2171,1290
2172,1305
2173,1318
2174,1326
2175,1332
2176,1334
2177,1331
2178,1325
2179,1316
2180,1304
2181,1288
2182,1269
2183,1250
2184,1230
2185,1210
2186,1191
2187,1172
2188,1153
2189,1136
2190,1121
2191,1110
2192,1100
2193,1094
2194,1092
2195,1094
2196,1099
2197,1109
2198,1120
2199,1133
2200,1149
2201,1169
2202,1187
2203,1207
2204,1227
2205,1249
2206,1268
2207,1285
2208,1302
2209,1315
2210,1324
2211,1331
2212,1333
2213,1331
2214,1328
2215,1320
2216,1310
2217,1296
2218,1278
2219,1259
2220,1239
2221,1219
2222,1198
2223,1178
2224,1158
2225,1141
2226,1127
2227,1116
2228,1106
2229,1099
2230,1095
2231,1094
2232,1098
2233,1106
2234,1115
2235,1128
2236,1142
2237,1161
2238,1180
2239,1200
2240,1221
2241,1239
2242,1259
2243,1278
2244,1296
2245,1310
2246,1321
2247,1329
2248,1334
2249,1333
2250,1330
2251,1323
2252,1313
2253,1301
2254,1285
2255,1264
2256,1246
2257,1225
2258,1205
2259,1186
2260,1167
2261,1150
2262,1131
2263,1118
2264,1108
2265,1100
2266,1094
2267,1092
2268,1094
2269,1103
2270,1111
2271,1124
2272,1139
2273,1157
2274,1175
2275,1195
2276,1215
2277,1235
2278,1254
2279,1273
2280,1291
2281,1305
2282,1317
2283,1327
2284,1332
2285,1334
2286,1333
2287,1328
2288,1319
2289,1306
2290,1292
2291,1274
2292,1254
2293,1235
2294,1214
2295,1192
2296,1173
2297,1154
2298,1137
2299,1121
2300,1108
2301,1099
2302,1094
2303,1092
2304,1095
2305,1100
2306,1108
2307,1119
2308,1132
2309,1149
2310,1168
2311,1188
2312,1207
2313,1227
2314,1248
2315,1267
2316,1284
2317,1301
2318,1313
2319,1323
2320,1330
2321,1334
2322,1332
2323,1329
2324,1321
2325,1309
2326,1295
2327,1277
2328,1258
2329,1239
2330,1219
2331,1198
2332,1178
2333,1159
2334,1142
2335,1126
2336,1115
2337,1106
2338,1097
2339,1094
2340,1095
2341,1097
2342,1104
2343,1115
2344,1127
2345,1143
2346,1161
2347,1180
2348,1199
2349,1220
2350,1240
2351,1259
2352,1279
2353,1294
2354,1307
2355,1319
2356,1327
2357,1333
2358,1335
2359,1332
2360,1325
2361,1315
2362,1302
2363,1286
2364,1267
2365,1247
2366,1226
2367,1206
2368,1186
2369,1167
2370,1149
2371,1132
2372,1119
2373,1107
2374,1100
2375,1094
2376,1092
2377,1094
2378,1100
2379,1108
2380,1120
2381,1133
2382,1151
2383,1172
2384,1191
2385,1213
2386,1233
2387,1252
2388,1270
2389,1287
2390,1302
2391,1315
2392,1324
2393,1329
2394,1333
2395,1331
2396,1325
2397,1318
2398,1307
2399,1291
2400,1274
2401,1254
2402,1236
2403,1215
2404,1194
2405,1175
2406,1157
2407,1138
2408,1124
2409,1112
2410,1104
2411,1097
2412,1092
2413,1093
2414,1097
2415,1105
2416,1116
2417,1128
2418,1145
2419,1164
2420,1184
2421,1204
2422,1223
2423,1243
2424,1262
2425,1279
2426,1295
2427,1309
2428,1321
2429,1330
2430,1334
2431,1332
2432,1329
2433,1323
2434,1312
2435,1298
2436,1281
2437,1263
2438,1243
2439,1222
2440,1201
2441,1181
2442,1161
2443,1144
2444,1128
2445,1116
2446,1105
2447,1098
2448,1093
2449,1093
2450,1096
2451,1102
2452,1114
2453,1125
2454,1140
2455,1157
2456,1177
2457,1197
2458,1217
2459,1236
2460,1256
2461,1275
2462,1294
2463,1308
2464,1321
2465,1329
2466,1333
2467,1334
2468,1330
2469,1322
2470,1314
2471,1302
2472,1286
2473,1268
2474,1251
2475,1231
2476,1210
2477,1188
2478,1168
2479,1150
2480,1133
2481,1119
2482,1109
2483,1101
2484,1096
2485,1094
2486,1095
2487,1101
2488,1110
2489,1120
2490,1135
2491,1152
2492,1169
2493,1189
2494,1210
2495,1231
2496,1251
2497,1269
2498,1286
2499,1304
2500,1316
2501,1325
2502,1331
2503,1333
2504,1331
2505,1328
2506,1319
2507,1309
2508,1294
2509,1276
2510,1256
2511,1236
2512,1215
2513,1194
2514,1175
2515,1156
2516,1139
2517,1124
2518,1112
2519,1103
2520,1096
2521,1092
2522,1093
2523,1098
2524,1105
2525,1116
2526,1127
2527,1144
2528,1163
2529,1183
2530,1203
2531,1223
2532,1242
2533,1263
2534,1281
2535,1297
2536,1311
2537,1321
2538,1328
2539,1332
2540,1334
2541,1330
2542,1322
2543,1312
2544,1298
2545,1282
2546,1264
2547,1242
2548,1223
2549,1204
2550,1184
2551,1164
2552,1146
2553,1131
2554,1117
2555,1106
2556,1098
2557,1095
2558,1094
2559,1097
2560,1103
2561,1111
2562,1125
2563,1139
2564,1155
2565,1175
2566,1194
2567,1214
2568,1235
2569,1254
2570,1274
2571,1293
2572,1306
2573,1318
2574,1327
2575,1332
2576,1334
2577,1332
2578,1327
2579,1318
2580,1306
2581,1291
2582,1273
2583,1253
2584,1233
2585,1214
2586,1193
2587,1172
2588,1151
2589,1135
2590,1120
2591,1110
2592,1100
2593,1096
2594,1096
2595,1096
2596,1100
2597,1108
2598,1119
2599,1133
2600,1150
2601,1168
2602,1187
2603,1209
2604,1228
2605,1248
2606,1268
2607,1285
2608,1301
2609,1313
2610,1322
2611,1327
2612,1330
2613,1328
2614,1324
2615,1317
2616,1306
2617,1294
2618,1276
2619,1258
2620,1238
2621,1218
2622,1199
2623,1180
2624,1160
2625,1143
2626,1128
2627,1114
2628,1103
2629,1097
2630,1093
2631,1092
2632,1096
2633,1104
2634,1114
2635,1128
2636,1144
2637,1161
2638,1179
2639,1199
2640,1221
2641,1241
2642,1261
2643,1280
2644,1296
2645,1309
2646,1319
2647,1327
2648,1332
2649,1333
2650,1330
2651,1324
2652,1314
2653,1301
2654,1284
2655,1266
2656,1247
2657,1225
2658,1204
2659,1183
2660,1163
2661,1146
2662,1131
2663,1118
2664,1106
2665,1097
2666,1093
2667,1092
2668,1096
2669,1103
2670,1110
2671,1122
2672,1137
2673,1155
2674,1172
2675,1192
2676,1212
2677,1234
2678,1253
2679,1272
2680,1290
2681,1304
2682,1316
2683,1326
2684,1331
2685,1334
2686,1332
2687,1326
2688,1318
2689,1307
2690,1291
2691,1273
2692,1254
2693,1233
2694,1213
2695,1193
2696,1174
2697,1154
2698,1137
2699,1123
2700,1112
2701,1103
2702,1100
2703,1096
2704,1098
2705,1102
2706,1109
2707,1120
2708,1134
2709,1150
2710,1168
2711,1186
2712,1206
2713,1226
2714,1246
2715,1266
2716,1283
2717,1300
2718,1313
2719,1323
2720,1329
2721,1332
2722,1331
2723,1328
2724,1321
2725,1309
2726,1295
2727,1278
2728,1261
2729,1240
2730,1220
2731,1199
2732,1180
2733,1161
2734,1144
2735,1128
2736,1114
2737,1105
2738,1098
2739,1095
2740,1094
2741,1096
2742,1103
2743,1114
2744,1126
2745,1141
2746,1160
2747,1179
2748,1199
2749,1219
2750,1239
2751,1259
2752,1278
2753,1295
2754,1309
2755,1321
2756,1328
2757,1333
2758,1334
2759,1330
2760,1324
2761,1314
2762,1301
2763,1284
2764,1267
2765,1247
2766,1228
2767,1208
2768,1187
2769,1168
2770,1148
2771,1131
2772,1117
2773,1106
2774,1098
2775,1094
2776,1093
2777,1095
2778,1101
2779,1108
2780,1120
2781,1135
2782,1152
2783,1171
2784,1192
2785,1213
2786,1233
2787,1253
2788,1271
2789,1289
2790,1304
2791,1315
2792,1324
2793,1329
2794,1333
2795,1331
2796,1328
2797,1319
2798,1308
2799,1293
2800,1275
2801,1257
2802,1236
2803,1216
2804,1194
2805,1174
2806,1157
2807,1139
2808,1124
2809,1110
2810,1102
2811,1096
2812,1094
2813,1096
2814,1097
2815,1105
2816,1116
2817,1130
2818,1146
2819,1164
2820,1183
2821,1203
2822,1224
2823,1245
2824,1265
2825,1282
2826,1299
2827,1311
2828,1323
2829,1329
2830,1333
2831,1333
2832,1328
2833,1321
2834,1310
2835,1296
2836,1280
2837,1261
2838,1243
2839,1222
2840,1202
2841,1182
2842,1164
2843,1146
2844,1130
2845,1116
2846,1105
2847,1097
2848,1092
2849,1093
2850,1096
2851,1103
2852,1113
2853,1126
2854,1143
2855,1159
2856,1176
2857,1198
2858,1220
2859,1240
2860,1260
2861,1278
2862,1293
2863,1308
2864,1320
2865,1328
2866,1332
2867,1335
2868,1331
2869,1325
2870,1314
2871,1301
2872,1286
2873,1268
2874,1249
2875,1230
2876,1209
2877,1188
2878,1169
2879,1150
2880,1135
2881,1120
2882,1107
2883,1100
2884,1094
2885,1094
2886,1095
2887,1100
2888,1109
2889,1120
2890,1135
2891,1153
2892,1171
2893,1190
2894,1211
2895,1231
2896,1251
2897,1270
2898,1289
2899,1303
2900,1316
2901,1325
2902,1332
2903,1335
2904,1332
2905,1327
2906,1317
2907,1305
2908,1291
2909,1274
2910,1255
2911,1236
2912,1217
2913,1194
2914,1175
2915,1157
2916,1141
2917,1126
2918,1114
2919,1105
2920,1097
2921,1093
2922,1093
2923,1097
2924,1104
2925,1115
2926,1129
2927,1143
2928,1162
2929,1181
2930,1203
2931,1224
2932,1244
2933,1264
2934,1281
2935,1297
2936,1311
2937,1321
2938,1329
2939,1331
2940,1330
2941,1327
2942,1321
2943,1312
2944,1299
2945,1282
2946,1264
2947,1244
2948,1223
2949,1203
2950,1184
2951,1163
2952,1145
2953,1130
2954,1117
2955,1107
2956,1100
2957,1094
2958,1094
2959,1096
2960,1103
2961,1111
2962,1123
2963,1139
2964,1155
2965,1174
2966,1194
2967,1215
2968,1235
2969,1257
2970,1274
2971,1293
2972,1307
2973,1320
2974,1328
2975,1333
2976,1334
2977,1332
2978,1327
2979,1317
2980,1304
2981,1288
2982,1270
2983,1250
2984,1229
2985,1209
2986,1189
2987,1169
2988,1152
2989,1134
2990,1120
2991,1108
2992,1099
2993,1094
2994,1091
2995,1095
2996,1101
2997,1110
2998,1121
2999,1135
3000,1150
3001,1169
3002,1187
3003,1207
3004,1229
3005,1248
3006,1267
3007,1284
3008,1299
3009,1313
3010,1324
3011,1331
3012,1333
3013,1332
3014,1328
3015,1320
3016,1308
3017,1294
3018,1277
3019,1258
3020,1238
3021,1218
3022,1199
3023,1178
3024,1160
3025,1141
3026,1124
3027,1111
3028,1102
3029,1097
3030,1095
3031,1095
3032,1098
3033,1104
3034,1114
3035,1127
3036,1143
3037,1161
3038,1181
3039,1201
3040,1222
3041,1241
3042,1260
3043,1277
3044,1293
3045,1307
3046,1317
3047,1326
3048,1330
3049,1332
3050,1328
3051,1321
3052,1313
3053,1302
3054,1285
3055,1266
3056,1247
3057,1227
3058,1207
3059,1188
3060,1168
3061,1150
3062,1133
3063,1119
3064,1108
3065,1099
3066,1095
3067,1094
3068,1096
3069,1101
3070,1109
3071,1121
3072,1137
3073,1153
3074,1172
3075,1193
3076,1212
3077,1233
3078,1253
3079,1274
3080,1292
3081,1308
3082,1319
3083,1328
3084,1332
3085,1335
3086,1331
3087,1326
3088,1316
3089,1304
3090,1290
3091,1273
3092,1254
3093,1233
3094,1212
3095,1192
3096,1173
3097,1153
3098,1137
3099,1123
3100,1111
3101,1102
3102,1096
3103,1093
3104,1094
3105,1098
3106,1105
3107,1115
3108,1130
3109,1148
3110,1166
3111,1185
3112,1205
3113,1227
3114,1246
3115,1266
3116,1283
3117,1300
3118,1314
3119,1324
3120,1330
3121,1333
3122,1333
3123,1329
3124,1321
3125,1310
3126,1296
3127,1278
3128,1260
3129,1237
3130,1218
3131,1197
3132,1178
3133,1161
3134,1142
3135,1127
3136,1114
3137,1104
3138,1097
3139,1094
3140,1093
3141,1096
3142,1103
3143,1114
3144,1126
3145,1141
3146,1157
3147,1176
3148,1196
3149,1218
3150,1238
3151,1257
3152,1276
3153,1293
3154,1309
3155,1321
3156,1329
3157,1333
3158,1333
3159,1330
3160,1323
3161,1313
3162,1300
3163,1284
3164,1267
3165,1249
3166,1227
3167,1206
3168,1186
3169,1167
3170,1149
3171,1133
3172,1118
3173,1108
3174,1100
3175,1096
3176,1094
3177,1095
3178,1100
3179,1107
3180,1119
3181,1134
3182,1151
3183,1169
3184,1189
3185,1210
3186,1231
3187,1252
3188,1272
3189,1291
3190,1307
3191,1318
3192,1327
3193,1333
3194,1334
3195,1331
3196,1326
3197,1317
3198,1306
3199,1293
3200,1274
3201,1255
3202,1237
3203,1215
3204,1194
3205,1174
3206,1156
3207,1139
3208,1124
3209,1112
3210,1104
3211,1097
3212,1094
3213,1093
3214,1096
3215,1104
3216,1115
3217,1130
3218,1146
3219,1165
3220,1183
3221,1203
3222,1224
3223,1244
3224,1264
3225,1281
3226,1297
3227,1310
3228,1322
3229,1328
3230,1330
3231,1330
3232,1327
3233,1321
3234,1309
3235,1297
3236,1281
3237,1263
3238,1244
3239,1223
3240,1203
3241,1182
3242,1163
3243,1144
3244,1128
3245,1116
3246,1106
3247,1098
3248,1093
3249,1091
3250,1095
3251,1104
3252,1113
3253,1126
3254,1141
3255,1158
3256,1177
3257,1197
3258,1219
3259,1238
3260,1258
3261,1278
3262,1295
3263,1309
3264,1320
3265,1327
3266,1332
3267,1333
3268,1331
3269,1325
3270,1316
3271,1304
3272,1287
3273,1270
3274,1251
3275,1231
3276,1209
3277,1188
3278,1169
3279,1150
3280,1132
3281,1117
3282,1107
3283,1098
3284,1093
3285,1092
3286,1094
3287,1100
3288,1108
3289,1119
3290,1134
3291,1149
3292,1168
3293,1190
3294,1210
3295,1230
3296,1250
3297,1269
3298,1288
3299,1305
3300,1318
3301,1327
3302,1332
3303,1334
3304,1332
3305,1327
3306,1319
3307,1308
3308,1293
3309,1276
3310,1257
3311,1239
3312,1218
3313,1197
3314,1176
3315,1158
3316,1140
3317,1124
3318,1112
3319,1102
3320,1095
3321,1092
3322,1092
3323,1096
3324,1105
3325,1114
3326,1127
3327,1144
3328,1163
3329,1183
3330,1202
3331,1223
3332,1242
3333,1261
3334,1279
3335,1297
3336,1311
3337,1322
3338,1329
3339,1333
3340,1333
3341,1331
3342,1323
3343,1312
3344,1299
3345,1282
3346,1263
3347,1244
3348,1224
3349,1203
3350,1182
3351,1164
3352,1146
3353,1130
3354,1116
3355,1106
3356,1100
3357,1095
3358,1094
3359,1097
3360,1102
3361,1110
3362,1123
3363,1138
3364,1156
3365,1175
3366,1196
3367,1215
3368,1235
3369,1255
3370,1273
3371,1290
3372,1307
3373,1317
3374,1325
3375,1330
3376,1332
3377,1330
3378,1324
3379,1317
3380,1303
3381,1287
3382,1270
3383,1250
3384,1230
3385,1209
3386,1188
3387,1168
3388,1150
3389,1133
3390,1120
3391,1108
3392,1099
3393,1094
3394,1093
3395,1095
3396,1099
3397,1107
3398,1119
3399,1134
3400,1151
3401,1169
3402,1188
3403,1208
3404,1227
3405,1247
3406,1266
3407,1284
3408,1301
3409,1314
3410,1323
3411,1329
3412,1333
3413,1332
3414,1328
3415,1319
3416,1307
3417,1294
3418,1277
3419,1258
3420,1238
3421,1218
3422,1198
3423,1178
3424,1159
3425,1142
3426,1126
3427,1113
3428,1104
3429,1097
3430,1093
3431,1093
3432,1097
3433,1105
3434,1114
3435,1128
3436,1144
3437,1160
3438,1179
3439,1201
3440,1222
3441,1243
3442,1263
3443,1280
3444,1295
3445,1310
3446,1321
3447,1330
3448,1333
3449,1333
3450,1328
3451,1323
3452,1311
3453,1298
3454,1282
3455,1265
3456,1245
3457,1227
3458,1205
3459,1184
3460,1164
3461,1146
3462,1131
3463,1117
3464,1105
3465,1098
3466,1094
3467,1093
3468,1096
3469,1103
3470,1111
3471,1122
3472,1135
3473,1154
3474,1172
3475,1192
3476,1213
3477,1233
3478,1254
3479,1273
3480,1290
3481,1305
3482,1316
3483,1325
3484,1330
3485,1332
3486,1331
3487,1327
3488,1319
3489,1306
3490,1290
3491,1271
3492,1254
3493,1233
3494,1213
3495,1192
3496,1173
3497,1153
3498,1135
3499,1121
3500,1110
3501,1101
3502,1096
3503,1093
3504,1094
3505,1099
3506,1109
3507,1119
3508,1132
3509,1147
3510,1166
3511,1185
3512,1206
3513,1227
3514,1248
3515,1267
3516,1285
3517,1301
3518,1313
3519,1322
3520,1328
3521,1332
3522,1330
3523,1327
3524,1320
3525,1310
3526,1297
3527,1278
3528,1261
3529,1239
3530,1220
3531,1200
3532,1180
3533,1161
3534,1142
3535,1127
3536,1114
3537,1104
3538,1096
3539,1093
3540,1093
3541,1096
3542,1104
3543,1115
3544,1128
3545,1143
3546,1159
3547,1178
3548,1198
3549,1219
3550,1240
3551,1259
3552,1277
3553,1294
3554,1307
3555,1317
3556,1327
3557,1332
3558,1332
3559,1329
3560,1323
3561,1313
3562,1299
3563,1283
3564,1266
3565,1247
3566,1227
3567,1207
3568,1186
3569,1167
3570,1150
3571,1132
3572,1118
3573,1106
3574,1098
3575,1094
3576,1093
3577,1095
3578,1100
3579,1108
3580,1121
3581,1135
3582,1153
3583,1170
3584,1191
3585,1213
3586,1233
3587,1253
3588,1273
3589,1291
3590,1306
3591,1317
3592,1324
3593,1330
3594,1333
3595,1331
3596,1327
3597,1318
3598,1306
3599,1291
3600,1274
3601,1255
3602,1234
3603,1214
3604,1194
3605,1174
3606,1155
3607,1137
3608,1122
3609,1110
3610,1102
3611,1095
3612,1092
3613,1092
3614,1096
3615,1105
3616,1117
3617,1130
3618,1147
3619,1165
3620,1185
3621,1204
3622,1224
3623,1245
3624,1265
3625,1283
3626,1301
3627,1314
3628,1324
3629,1330
3630,1332
3631,1330
3632,1327
3633,1321
3634,1310
3635,1296
3636,1280
3637,1261
3638,1241
3639,1222
3640,1202
3641,1181
3642,1162
3643,1145
3644,1129
3645,1115
3646,1106
3647,1098
3648,1094
3649,1091
3650,1095
3651,1103
3652,1112
3653,1125
3654,1140
3655,1157
3656,1176
3657,1196
3658,1217
3659,1237
3660,1258
3661,1276
3662,1292
3663,1306
3664,1318
3665,1324
3666,1331
3667,1333
3668,1331
3669,1325
3670,1314
3671,1301
3672,1286
3673,1270
3674,1250
3675,1231
3676,1209
3677,1189
3678,1168
3679,1150
3680,1135
3681,1120
3682,1110
3683,1101
3684,1095
3685,1093
3686,1093
3687,1099
3688,1108
3689,1120
3690,1133
3691,1151
3692,1169
3693,1190
3694,1211
3695,1232
3696,1251
3697,1270
3698,1288
3699,1303
3700,1317
3701,1326
3702,1332
3703,1334
3704,1331
3705,1327
3706,1319
3707,1307
3708,1293
3709,1275
3710,1257
3711,1235
3712,1215
3713,1195
3714,1176
3715,1157
3716,1140
3717,1125
3718,1112
3719,1103
3720,1096
3721,1093
3722,1094
3723,1098
3724,1105
3725,1117
3726,1130
3727,1145
3728,1164
3729,1184
3730,1203
3731,1222
3732,1242
3733,1262
3734,1281
3735,1298
3736,1311
3737,1321
3738,1328
3739,1332
3740,1332
3741,1328
3742,1322
3743,1311
3744,1299
3745,1282
3746,1264
3747,1244
3748,1226
3749,1206
3750,1185
3751,1166
3752,1146
3753,1128
3754,1115
3755,1105
3756,1098
3757,1094
3758,1094
3759,1096
3760,1103
3761,1111
3762,1123
3763,1137
3764,1153
3765,1173
3766,1192
3767,1214
3768,1234
3769,1255
3770,1275
3771,1291
3772,1305
3773,1316
3774,1325
3775,1330
3776,1332
3777,1330
3778,1324
3779,1315
3780,1304
3781,1289
3782,1272
3783,1254
3784,1231
3785,1210
3786,1189
3787,1169
3788,1151
3789,1134
3790,1121
3791,1110
3792,1101
3793,1096
3794,1094
3795,1095
3796,1099
3797,1107
3798,1119
3799,1133
3800,1151
3801,1169
3802,1188
3803,1208
3804,1229
3805,1249
3806,1268
3807,1285
3808,1301
3809,1314
3810,1325
3811,1332
3812,1334
3813,1334
3814,1327
3815,1319
3816,1306
3817,1292
3818,1275
3819,1258
3820,1239
3821,1219
3822,1198
3823,1178
3824,1157
3825,1140
3826,1125
3827,1111
3828,1102
3829,1096
3830,1093
3831,1094
3832,1098
3833,1105
3834,1115
3835,1127
3836,1142
3837,1159
3838,1179
3839,1198
3840,1221
3841,1242
3842,1262
3843,1280
3844,1297
3845,1310
3846,1320
3847,1328
3848,1331
3849,1331
3850,1328
3851,1323
3852,1313
3853,1298
3854,1281
3855,1264
3856,1244
3857,1224
3858,1204
3859,1185
3860,1166
3861,1148
3862,1132
3863,1119
3864,1107
3865,1099
3866,1094
3867,1094
3868,1096
3869,1101
3870,1110
3871,1121
3872,1136
3873,1153
3874,1173
3875,1193
3876,1213
3877,1233
3878,1253
3879,1273
3880,1292
3881,1307
3882,1318
3883,1327
3884,1332
3885,1333
3886,1331
3887,1326
3888,1316
3889,1305
3890,1290
3891,1272
3892,1253
3893,1234
3894,1215
3895,1194
3896,1174
3897,1155
3898,1137
3899,1121
3900,1109
3901,1100
3902,1096
3903,1093
3904,1094
3905,1099
3906,1107
3907,1119
3908,1132
3909,1150
3910,1168
3911,1187
3912,1207
3913,1226
3914,1247
3915,1266
3916,1284
3917,1301
3918,1313
3919,1324
3920,1329
3921,1334
3922,1332
3923,1328
3924,1320
3925,1309
3926,1296
3927,1280
3928,1262
3929,1241
3930,1221
3931,1201
3932,1180
3933,1161
3934,1141
3935,1126
3936,1112
3937,1103
3938,1096
3939,1091
3940,1091
3941,1096
3942,1104
3943,1113
3944,1126
3945,1141
3946,1157
3947,1177
3948,1197
3949,1220
3950,1239
3951,1258
3952,1278
3953,1295
3954,1308
3955,1318
3956,1327
3957,1332
3958,1333
3959,1330
3960,1323
3961,1313
3962,1299
3963,1285
3964,1267
3965,1248
3966,1229
3967,1208
3968,1189
3969,1168
3970,1150
3971,1135
3972,1122
3973,1109
3974,1099
3975,1093
3976,1092
3977,1093
3978,1099
3979,1109
3980,1121
3981,1134
3982,1151
3983,1171
3984,1193
3985,1213
3986,1233
3987,1253
3988,1272
3989,1289
3990,1304
3991,1316
3992,1325
3993,1331
3994,1332
3995,1330
3996,1326
3997,1319
3998,1307
3999,1292
4000,1274
4001,1255
4002,1235
4003,1216
4004,1195
4005,1174
4006,1155
4007,1139
4008,1123
4009,1110
4010,1103
4011,1097
4012,1094
4013,1092
4014,1097
4015,1105
4016,1116
4017,1129
4018,1147
4019,1164
4020,1184
4021,1203
4022,1223
4023,1245
4024,1265
4025,1282
4026,1297
4027,1310
4028,1321
4029,1328
4030,1334
4031,1332
4032,1328
4033,1321
4034,1310
4035,1296
4036,1280
4037,1262
4038,1243
4039,1221
4040,1200
4041,1180
4042,1160
4043,1142
4044,1128
4045,1114
4046,1105
4047,1096
4048,1093
4049,1092
4050,1096
4051,1102
4052,1112
4053,1125
4054,1139
4055,1155
4056,1174
4057,1195
4058,1216
4059,1236
4060,1255
4061,1274
4062,1292
4063,1308
4064,1320
4065,1327
4066,1330
4067,1331
4068,1329
4069,1325
4070,1314
4071,1303
4072,1288
4073,1269
4074,1250
4075,1228
4076,1208
4077,1188
4078,1168
4079,1149
4080,1133
4081,1119
4082,1108
4083,1099
4084,1094
4085,1092
4086,1095
4087,1099
4088,1109
4089,1120
4090,1135
4091,1152
4092,1170
4093,1189
4094,1209
4095,1230
4096,1251
4097,1269
4098,1287
4099,1303
4100,1317
4101,1325
4102,1330
4103,1333
4104,1332
4105,1326
4106,1319
4107,1307
4108,1292
4109,1274
4110,1255
4111,1235
4112,1216
4113,1197
4114,1178
4115,1157
4116,1140
4117,1126
4118,1113
4119,1103
4120,1095
4121,1093
4122,1094
4123,1099
4124,1107
4125,1117
4126,1130
4127,1145
4128,1165
4129,1184
4130,1204
4131,1224
4132,1244
4133,1263
4134,1281
4135,1296
4136,1311
4137,1323
4138,1330
4139,1333
4140,1334
4141,1332
4142,1323
4143,1313
4144,1300
4145,1283
4146,1265
4147,1245
4148,1222
4149,1200
4150,1182
4151,1163
4152,1146
4153,1130
4154,1116
4155,1105
4156,1096
4157,1093
4158,1092
4159,1095
4160,1100
4161,1109
4162,1120
4163,1136
4164,1154
4165,1174
4166,1193
4167,1214
4168,1236
4169,1255
4170,1274
4171,1292
4172,1306
4173,1318
4174,1326
4175,1331
4176,1333
4177,1330
4178,1326
4179,1317
4180,1304
4181,1286
4182,1269
4183,1250
4184,1230
4185,1210
4186,1188
4187,1168
4188,1150
4189,1135
4190,1121
4191,1111
4192,1102
4193,1097
4194,1094
4195,1095
4196,1101
4197,1108
4198,1118
4199,1132
4200,1149
4201,1167
4202,1185
4203,1206
4204,1228
4205,1248
4206,1268
4207,1286
4208,1301
4209,1313
4210,1324
4211,1331
4212,1333
4213,1332
4214,1327
4215,1319
4216,1308
4217,1294
4218,1276
4219,1257
4220,1239
4221,1220
4222,1200
4223,1179
4224,1159
4225,1142
4226,1126
4227,1113
4228,1104
4229,1097
4230,1093
4231,1095
4232,1098
4233,1105
4234,1115
4235,1129
4236,1144
4237,1162
4238,1181
4239,1201
4240,1222
4241,1242
4242,1261
4243,1279
4244,1295
4245,1310
4246,1319
4247,1327
4248,1332
4249,1333
4250,1329
4251,1322
4252,1313
4253,1299
4254,1283
4255,1265
4256,1247
4257,1227
4258,1206
4259,1183
4260,1165
4261,1146
4262,1130
4263,1117
4264,1107
4265,1099
4266,1094
4267,1093
4268,1095
4269,1100
4270,1108
4271,1121
4272,1136
4273,1154
4274,1173
4275,1192
4276,1212
4277,1233
4278,1254
4279,1274
4280,1291
4281,1306
4282,1317
4283,1326
4284,1332
4285,1332
4286,1330
4287,1325
4288,1317
4289,1302
4290,1286
4291,1270
4292,1251
4293,1233
4294,1212
4295,1191
4296,1171
4297,1152
4298,1135
4299,1121
4300,1110
4301,1101
4302,1094
4303,1092
4304,1093
4305,1098
4306,1107
4307,1120
4308,1133
4309,1148
4310,1166
4311,1186
4312,1206
4313,1228
4314,1248
4315,1267
4316,1285
4317,1301
4318,1313
4319,1322
4320,1329
4321,1333
4322,1331
4323,1328
4324,1321
4325,1309
4326,1295
4327,1278
4328,1260
4329,1241
4330,1221
4331,1200
4332,1179
4333,1162
4334,1143
4335,1127
4336,1113
4337,1105
4338,1097
4339,1093
4340,1092
4341,1096
4342,1102
4343,1113
4344,1126
4345,1142
4346,1159
4347,1179
4348,1198
4349,1219
4350,1239
4351,1259
4352,1277
4353,1295
4354,1310
4355,1320
4356,1328
4357,1332
4358,1333
4359,1329
4360,1322
4361,1313
4362,1299
4363,1283
4364,1266
4365,1247
4366,1226
4367,1204
4368,1185
4369,1166
4370,1148
4371,1133
4372,1120
4373,1109
4374,1101
4375,1096
4376,1094
4377,1095
4378,1101
4379,1109
4380,1122
4381,1137
4382,1154
4383,1172
4384,1191
4385,1211
4386,1232
4387,1252
4388,1270
4389,1287
4390,1301
4391,1314
4392,1323
4393,1330
4394,1333
4395,1331
4396,1325
4397,1315
4398,1305
4399,1291
4400,1275
4401,1256
4402,1237
4403,1216
4404,1194
4405,1174
4406,1154
4407,1137
4408,1121
4409,1111
4410,1103
4411,1095
4412,1094
4413,1095
4414,1098
4415,1107
4416,1118
4417,1130
4418,1147
4419,1165
4420,1185
4421,1206
4422,1225
4423,1245
4424,1264
4425,1282
4426,1298
4427,1313
4428,1324
4429,1331
4430,1334
4431,1332
4432,1327
4433,1320
4434,1311
4435,1297
4436,1280
4437,1260
4438,1240
4439,1221
4440,1201
4441,1181
4442,1161
4443,1143
4444,1129
4445,1117
4446,1106
4447,1099
4448,1096
4449,1095
4450,1098
4451,1103
4452,1113
4453,1124
4454,1138
4455,1156
4456,1176
4457,1198
4458,1218
4459,1238
4460,1257
4461,1275
4462,1293
4463,1307
4464,1317
4465,1325
4466,1331
4467,1333
4468,1331
4469,1326
4470,1316
4471,1303
4472,1287
4473,1270
4474,1249
4475,1229
4476,1207
4477,1187
4478,1168
4479,1150
4480,1134
4481,1119
4482,1109
4483,1100
4484,1094
4485,1093
4486,1094
4487,1099
4488,1108
4489,1119
4490,1133
4491,1150
4492,1168
4493,1188
4494,1209
4495,1230
4496,1251
4497,1271
4498,1289
4499,1303
4500,1314
4501,1324
4502,1328
4503,1330
4504,1329
4505,1327
4506,1319
4507,1308
4508,1293
4509,1276
4510,1258
4511,1238
4512,1218
4513,1199
4514,1178
4515,1160
4516,1142
4517,1126
4518,1113
4519,1102
4520,1095
4521,1091
4522,1093
4523,1098
4524,1105
4525,1116
4526,1130
4527,1144
4528,1162
4529,1181
4530,1202
4531,1224
4532,1245
4533,1264
4534,1281
4535,1297
4536,1310
4537,1320
4538,1328
4539,1332
4540,1332
4541,1327
4542,1320
4543,1310
4544,1297
4545,1280
4546,1263
4547,1244
4548,1225
4549,1205
4550,1184
4551,1164
4552,1145
4553,1129
4554,1116
4555,1106
4556,1100
4557,1095
4558,1094
4559,1096
4560,1104
4561,1113
4562,1126
4563,1140
4564,1157
4565,1175
4566,1195
4567,1216
4568,1236
4569,1256
4570,1274
4571,1290
4572,1304
4573,1316
4574,1325
4575,1331
4576,1332
4577,1330
4578,1324
4579,1316
4580,1304
4581,1288
4582,1271
4583,1252
4584,1232
4585,1210
4586,1190
4587,1171
4588,1152
4589,1136
4590,1121
4591,1109
4592,1099
4593,1095
4594,1094
4595,1095
4596,1101
4597,1109
4598,1121
4599,1135
4600,1150
4601,1168
4602,1187
4603,1208
4604,1229
4605,1248
4606,1267
4607,1285
4608,1301
4609,1313
4610,1322
4611,1329
4612,1332
4613,1332
4614,1328
4615,1320
4616,1308
4617,1294
4618,1276
4619,1257
4620,1239
4621,1218
4622,1197
4623,1178
4624,1158
4625,1140
4626,1125
4627,1113
4628,1104
4629,1096
4630,1094
4631,1093
4632,1096
4633,1102
4634,1113
4635,1127
4636,1143
4637,1161
4638,1179
4639,1201
4640,1221
4641,1242
4642,1261
4643,1278
4644,1294
4645,1308
4646,1318
4647,1328
4648,1333
4649,1333
4650,1330
4651,1323
4652,1313
4653,1301
4654,1284
4655,1266
4656,1247
4657,1226
4658,1206
4659,1185
4660,1166
4661,1147
4662,1132
4663,1120
4664,1109
4665,1100
4666,1096
4667,1093
4668,1096
4669,1099
4670,1109
4671,1121
4672,1135
4673,1153
4674,1170
4675,1191
4676,1210
4677,1232
4678,1253
4679,1272
4680,1291
4681,1306
4682,1319
4683,1328
4684,1333
4685,1334
4686,1332
4687,1329
4688,1319
4689,1306
4690,1290
4691,1272
4692,1253
4693,1234
4694,1213
4695,1194
4696,1175
4697,1155
4698,1137
4699,1123
4700,1110
4701,1100
4702,1094
4703,1091
4704,1093
4705,1099
4706,1106
4707,1117
4708,1130
4709,1147
4710,1165
4711,1183
4712,1204
4713,1226
4714,1248
4715,1267
4716,1284
4717,1299
4718,1311
4719,1323
4720,1331
4721,1333
4722,1333
4723,1328
4724,1321
4725,1309
4726,1296
4727,1279
4728,1261
4729,1240
4730,1219
4731,1198
4732,1178
4733,1159
4734,1141
4735,1126
4736,1114
4737,1105
4738,1097
4739,1094
4740,1095
4741,1099
4742,1105
4743,1113
4744,1125
4745,1139
4746,1157
4747,1176
4748,1197
4749,1219
4750,1240
4751,1260
4752,1278
4753,1297
4754,1310
4755,1321
4756,1329
4757,1333
4758,1333
4759,1331
4760,1326
4761,1314
4762,1301
4763,1285
4764,1268
4765,1248
4766,1228
4767,1208
4768,1187
4769,1167
4770,1148
4771,1133
4772,1119
4773,1108
4774,1099
4775,1095
4776,1094
4777,1098
4778,1104
4779,1112
4780,1123
4781,1136
4782,1154
4783,1172
4784,1191
4785,1210
4786,1231
4787,1250
4788,1269
4789,1286
4790,1302
4791,1316
4792,1324
4793,1331
4794,1333
4795,1332
4796,1327
4797,1319
4798,1308
4799,1292
4800,1273
4801,1253
4802,1233
4803,1213
4804,1191
4805,1173
4806,1155
4807,1138
4808,1123
4809,1111
4810,1101
4811,1094
4812,1091
4813,1090
4814,1095
4815,1104
4816,1115
4817,1130
4818,1147
4819,1165
4820,1184
4821,1204
4822,1224
4823,1245
4824,1264
4825,1282
4826,1299
4827,1313
4828,1324
4829,1329
4830,1332
4831,1331
4832,1327
4833,1320
4834,1309
4835,1296
4836,1278
4837,1261
4838,1241
4839,1222
4840,1202
4841,1181
4842,1161
4843,1144
4844,1128
4845,1114
4846,1105
4847,1098
4848,1094
4849,1094
4850,1097
4851,1103
4852,1112
4853,1124
4854,1141
4855,1158
4856,1177
4857,1197
4858,1217
4859,1236
4860,1255
4861,1274
4862,1291
4863,1306
4864,1316
4865,1326
4866,1331
4867,1333
4868,1331
4869,1325
4870,1315
4871,1302
4872,1286
4873,1269
4874,1250
4875,1230
4876,1208
4877,1187
4878,1166
4879,1148
4880,1133
4881,1119
4882,1107
4883,1099
4884,1094
4885,1093
4886,1095
4887,1100
4888,1110
4889,1121
4890,1135
4891,1150
4892,1169
4893,1189
4894,1210
4895,1231
4896,1252
4897,1272
4898,1287
4899,1302
4900,1315
4901,1324
4902,1330
4903,1332
4904,1332
4905,1327
4906,1319
4907,1307
4908,1292
4909,1275
4910,1257
4911,1239
4912,1218
4913,1197
4914,1178
4915,1158
4916,1140
4917,1124
4918,1111
4919,1101
4920,1095
4921,1091
4922,1092
4923,1097
4924,1106
4925,1116
4926,1129
4927,1145
4928,1163
4929,1182
4930,1202
4931,1222
4932,1241
4933,1262
4934,1282
4935,1297
4936,1312
4937,1323
4938,1329
4939,1333
4940,1333
4941,1328
4942,1321
4943,1312
4944,1299
4945,1282
4946,1264
4947,1244
4948,1225
4949,1204
4950,1183
4951,1164
4952,1147
4953,1132
4954,1117
4955,1105
4956,1098
4957,1093
4958,1093
4959,1095
4960,1101
4961,1111
4962,1123
4963,1139
4964,1156
4965,1175
4966,1196
4967,1216
4968,1236
4969,1256
4970,1274
4971,1292
4972,1306
4973,1317
4974,1326
4975,1331
4976,1334
4977,1332
4978,1326
4979,1316
4980,1304
4981,1288
4982,1271
4983,1251
4984,1231
4985,1210
4986,1190
4987,1170
4988,1151
4989,1136
4990,1121
4991,1110
4992,1100
4993,1095
4994,1093
4995,1095
4996,1100
4997,1107
4998,1118
4999,1131
5000,1150
5001,1167
5002,1187
5003,1206
5004,1227
5005,1248
5006,1266
5007,1285
5008,1300
5009,1312
5010,1322
5011,1328
5012,1332
5013,1331
5014,1325
5015,1317
5016,1307
5017,1293
5018,1276
5019,1257
5020,1238
5021,1218
5022,1197
5023,1179
5024,1159
5025,1142
5026,1126
5027,1113
5028,1104
5029,1096
5030,1092
5031,1093
5032,1096
5033,1104
5034,1114
5035,1125
5036,1143
5037,1161
5038,1181
5039,1202
5040,1221
5041,1241
5042,1262
5043,1281
5044,1297
5045,1311
5046,1321
5047,1327
5048,1331
5049,1332
5050,1328
5051,1321
5052,1311
5053,1299
5054,1284
5055,1265
5056,1245
5057,1225
5058,1203
5059,1184
5060,1165
5061,1145
5062,1130
5063,1118
5064,1106
5065,1099
5066,1094
5067,1092
5068,1095
5069,1101
5070,1110
5071,1123
5072,1138
5073,1154
5074,1173
5075,1193
5076,1214
5077,1233
5078,1255
5079,1273
5080,1291
5081,1305
5082,1316
5083,1326
5084,1334
5085,1336
5086,1333
5087,1326
5088,1316
5089,1303
5090,1288
5091,1270
5092,1252
5093,1232
5094,1210
5095,1191
5096,1173
5097,1154
5098,1136
5099,1121
5100,1110
5101,1101
5102,1096
5103,1093
5104,1093
5105,1098
5106,1107
5107,1116
5108,1129
5109,1146
5110,1165
5111,1184
5112,1204
5113,1224
5114,1245
5115,1266
5116,1283
5117,1301
5118,1312
5119,1320
5120,1326
5121,1331
5122,1332
5123,1327
5124,1319
5125,1309
5126,1296
5127,1280
5128,1261
5129,1242
5130,1221
5131,1199
5132,1179
5133,1159
5134,1141
5135,1126
5136,1113
5137,1103
5138,1096
5139,1092
5140,1092
5141,1096
5142,1104
5143,1114
5144,1127
5145,1142
5146,1159
5147,1179
5148,1198
5149,1220
5150,1240
5151,1258
5152,1277
5153,1293
5154,1307
5155,1318
5156,1328
5157,1332
5158,1334
5159,1331
5160,1326
5161,1316
5162,1302
5163,1285
5164,1268
5165,1248
5166,1227
5167,1206
5168,1187
5169,1168
5170,1149
5171,1133
5172,1119
5173,1107
5174,1099
5175,1095
5176,1093
5177,1093
5178,1101
5179,1109
5180,1120
5181,1135
5182,1151
5183,1170
5184,1190
5185,1211
5186,1231
5187,1250
5188,1270
5189,1288
5190,1303
5191,1316
5192,1325
5193,1331
5194,1334
5195,1332
5196,1326
5197,1319
5198,1306
5199,1292
5200,1274
5201,1256
5202,1237
5203,1216
5204,1195
5205,1174
5206,1155
5207,1138
5208,1122
5209,1111
5210,1101
5211,1096
5212,1093
5213,1094
5214,1098
5215,1106
5216,1117
5217,1132
5218,1148
5219,1164
5220,1183
5221,1203
5222,1223
5223,1244
5224,1263
5225,1281
5226,1299
5227,1314
5228,1324
5229,1331
5230,1333
5231,1332
5232,1329
5233,1320
5234,1309
5235,1295
5236,1279
5237,1260
5238,1240
5239,1221
5240,1200
5241,1181
5242,1162
5243,1143
5244,1127
5245,1113
5246,1103
5247,1096
5248,1093
5249,1093
5250,1096
5251,1103
5252,1113
5253,1126
5254,1140
5255,1157
5256,1174
5257,1195
5258,1216
5259,1237
5260,1257
5261,1277
5262,1295
5263,1308
5264,1319
5265,1327
5266,1332
5267,1333
5268,1329
5269,1325
5270,1316
5271,1304
5272,1288
5273,1270
5274,1250
5275,1230
5276,1208
5277,1187
5278,1168
5279,1151
5280,1134
5281,1118
5282,1107
5283,1099
5284,1095
5285,1092
5286,1094
5287,1100
5288,1108
5289,1120
5290,1135
5291,1152
5292,1170
5293,1189
5294,1209
5295,1230
5296,1251
5297,1270
5298,1288
5299,1303
5300,1316
5301,1324
5302,1330
5303,1333
5304,1332
5305,1328
5306,1318
5307,1308
5308,1295
5309,1277
5310,1258
5311,1238
5312,1217
5313,1195
5314,1176
5315,1156
5316,1141
5317,1127
5318,1115
5319,1104
5320,1096
5321,1092
5322,1092
5323,1098
5324,1106
5325,1115
5326,1128
5327,1143
5328,1161
5329,1180
5330,1201
5331,1223
5332,1244
5333,1265
5334,1281
5335,1298
5336,1311
5337,1321
5338,1328
5339,1331
5340,1333
5341,1330
5342,1323
5343,1312
5344,1300
5345,1283
5346,1265
5347,1244
5348,1223
5349,1202
5350,1182
5351,1162
5352,1144
5353,1129
5354,1115
5355,1107
5356,1099
5357,1095
5358,1092
5359,1094
5360,1100
5361,1111
5362,1124
5363,1140
5364,1158
5365,1178
5366,1196
5367,1216
5368,1237
5369,1256
5370,1275
5371,1292
5372,1306
5373,1316
5374,1324
5375,1329
5376,1331
5377,1328
5378,1324
5379,1316
5380,1305
5381,1290
5382,1272
5383,1252
5384,1231
5385,1211
5386,1191
5387,1171
5388,1152
5389,1135
5390,1120
5391,1108
5392,1101
5393,1096
5394,1095
5395,1098
5396,1101
5397,1108
5398,1118
5399,1132
5400,1149
5401,1168
5402,1188
5403,1208
5404,1228
5405,1248
5406,1268
5407,1286
5408,1301
5409,1314
5410,1324
5411,1330
5412,1333
5413,1332
5414,1328
5415,1319
5416,1307
5417,1293
5418,1275
5419,1256
5420,1239
5421,1219
5422,1196
5423,1176
5424,1156
5425,1139
5426,1126
5427,1114
5428,1104
5429,1097
5430,1094
5431,1096
5432,1099
5433,1106
5434,1115
5435,1128
5436,1143
5437,1161
5438,1180
5439,1200
5440,1220
5441,1241
5442,1260
5443,1277
5444,1294
5445,1309
5446,1320
5447,1330
5448,1334
5449,1333
5450,1331
5451,1326
5452,1315
5453,1302
5454,1285
5455,1265
5456,1245
5457,1225
5458,1207
5459,1184
5460,1166
5461,1148
5462,1132
5463,1119
5464,1108
5465,1100
5466,1095
5467,1094
5468,1097
5469,1102
5470,1111
5471,1123
5472,1137
5473,1155
5474,1173
5475,1193
5476,1214
5477,1234
5478,1255
5479,1275
5480,1291
5481,1305
5482,1315
5483,1325
5484,1332
5485,1334
5486,1333
5487,1328
5488,1320
5489,1307
5490,1292
5491,1272
5492,1253
5493,1233
5494,1212
5495,1192
5496,1173
5497,1154
5498,1137
5499,1122
5500,1110
5501,1101
5502,1095
5503,1094
5504,1095
5505,1098
5506,1106
5507,1117
5508,1132
5509,1149
5510,1168
5511,1187
5512,1207
5513,1227
5514,1247
5515,1267
5516,1284
5517,1302
5518,1315
5519,1324
5520,1330
5521,1333
5522,1331
5523,1326
5524,1319
5525,1310
5526,1295
5527,1280
5528,1261
5529,1242
5530,1221
5531,1200
5532,1178
5533,1160
5534,1142
5535,1127
5536,1114
5537,1105
5538,1096
5539,1093
5540,1093
5541,1095
5542,1103
5543,1113
5544,1126
5545,1140
5546,1156
5547,1177
5548,1198
5549,1220
5550,1240
5551,1260
5552,1279
5553,1296
5554,1310
5555,1320
5556,1327
5557,1332
5558,1332
5559,1331
5560,1323
5561,1312
5562,1299
5563,1283
5564,1266
5565,1247
5566,1226
5567,1206
5568,1186
5569,1166
5570,1148
5571,1135
5572,1121
5573,1109
5574,1100
5575,1094
5576,1092
5577,1093
5578,1098
5579,1108
5580,1119
5581,1133
5582,1152
5583,1172
5584,1192
5585,1212
5586,1232
5587,1252
5588,1271
5589,1288
5590,1302
5591,1316
5592,1324
5593,1333
5594,1335
5595,1333
5596,1327
5597,1317
5598,1305
5599,1291
5600,1274
5601,1256
5602,1236
5603,1215
5604,1195
5605,1175
5606,1155
5607,1137
5608,1124
5609,1113
5610,1103
5611,1098
5612,1096
5613,1096
5614,1099
5615,1107
5616,1119
5617,1132
5618,1147
5619,1164
5620,1184
5621,1205
5622,1225
5623,1245
5624,1263
5625,1281
5626,1297
5627,1310
5628,1321
5629,1330
5630,1331
5631,1330
5632,1326
5633,1319
5634,1308
5635,1294
5636,1276
5637,1260
5638,1241
5639,1221
5640,1201
5641,1182
5642,1162
5643,1144
5644,1128
5645,1115
5646,1105
5647,1099
5648,1095
5649,1094
5650,1098
5651,1104
5652,1113
5653,1125
5654,1140
5655,1157
5656,1177
5657,1195
5658,1215
5659,1235
5660,1254
5661,1273
5662,1291
5663,1308
5664,1320
5665,1328
5666,1331
5667,1332
5668,1329
5669,1324
5670,1314
5671,1302
5672,1285
5673,1270
5674,1252
5675,1231
5676,1211
5677,1191
5678,1170
5679,1150
5680,1135
5681,1120
5682,1110
5683,1101
5684,1096
5685,1093
5686,1094
5687,1098
5688,1108
5689,1120
5690,1134
5691,1152
5692,1170
5693,1189
5694,1210
5695,1230
5696,1250
5697,1270
5698,1288
5699,1302
5700,1315
5701,1325
5702,1331
5703,1334
5704,1331
5705,1326
5706,1318
5707,1306
5708,1293
5709,1278
5710,1259
5711,1237
5712,1217
5713,1196
5714,1177
5715,1157
5716,1139
5717,1124
5718,1112
5719,1103
5720,1095
5721,1092
5722,1093
5723,1098
5724,1106
5725,1117
5726,1129
5727,1144
5728,1161
5729,1181
5730,1199
5731,1221
5732,1241
5733,1262
5734,1282
5735,1298
5736,1311
5737,1323
5738,1329
5739,1331
5740,1332
5741,1328
5742,1321
5743,1311
5744,1297
5745,1281
5746,1263
5747,1243
5748,1223
5749,1202
5750,1182
5751,1163
5752,1145
5753,1130
5754,1118
5755,1106
5756,1098
5757,1093
5758,1092
5759,1096
5760,1102
5761,1113
5762,1125
5763,1140
5764,1157
5765,1175
5766,1196
5767,1217
5768,1238
5769,1257
5770,1274
5771,1291
5772,1307
5773,1318
5774,1327
5775,1332
5776,1334
5777,1332
5778,1325
5779,1317
5780,1304
5781,1289
5782,1270
5783,1250
5784,1231
5785,1211
5786,1190
5787,1169
5788,1151
5789,1135
5790,1120
5791,1109
5792,1101
5793,1095
5794,1093
5795,1096
5796,1100
5797,1107
5798,1117
5799,1133
5800,1148
5801,1167
5802,1187
5803,1207
5804,1227
5805,1246
5806,1266
5807,1284
5808,1300
5809,1312
5810,1322
5811,1330
5812,1331
5813,1332
5814,1329
5815,1321
5816,1311
5817,1296
5818,1278
5819,1258
5820,1238
5821,1217
5822,1197
5823,1178
5824,1160
5825,1141
5826,1124
5827,1112
5828,1102
5829,1096
5830,1093
5831,1094
5832,1097
5833,1104
5834,1113
5835,1127
5836,1143
5837,1161
5838,1181
5839,1201
5840,1221
5841,1242
5842,1261
5843,1281
5844,1298
5845,1311
5846,1321
5847,1327
5848,1331
5849,1331
5850,1328
5851,1322
5852,1314
5853,1300
5854,1284
5855,1266
5856,1246
5857,1226
5858,1205
5859,1185
5860,1167
5861,1150
5862,1131
5863,1118
5864,1107
5865,1100
5866,1095
5867,1093
5868,1095
5869,1101
5870,1110
5871,1123
5872,1138
5873,1156
5874,1175
5875,1194
5876,1215
5877,1234
5878,1255
5879,1274
5880,1291
5881,1305
5882,1316
5883,1325
5884,1329
5885,1331
5886,1330
5887,1325
5888,1316
5889,1305
5890,1290
5891,1273
5892,1253
5893,1232
5894,1210
5895,1190
5896,1172
5897,1152
5898,1137
5899,1124
5900,1112
5901,1103
5902,1096
5903,1092
5904,1095
5905,1099
5906,1108
5907,1119
5908,1132
5909,1147
5910,1167
5911,1187
5912,1205
5913,1224
5914,1246
5915,1266
5916,1284
5917,1299
5918,1313
5919,1323
5920,1330
5921,1334
5922,1333
5923,1328
5924,1321
5925,1311
5926,1297
5927,1279
5928,1259
5929,1240
5930,1218
5931,1200
5932,1179
5933,1161
5934,1143
5935,1126
5936,1113
5937,1104
5938,1096
5939,1092
5940,1092
5941,1097
5942,1103
5943,1113
5944,1125
5945,1142
5946,1160
5947,1179
5948,1200
5949,1220
5950,1239
5951,1258
5952,1276
5953,1295
5954,1308
5955,1319
5956,1327
5957,1332
5958,1333
5959,1330
5960,1324
5961,1314
5962,1302
5963,1284
5964,1265
5965,1246
5966,1226
5967,1205
5968,1186
5969,1166
5970,1149
5971,1134
5972,1119
5973,1108
5974,1098
5975,1095
5976,1093
5977,1095
5978,1101
5979,1110
5980,1120
5981,1136
5982,1153
5983,1172
5984,1191
5985,1212
5986,1232
5987,1252
5988,1272
5989,1287
5990,1303
5991,1315
5992,1324
5993,1330
5994,1332
5995,1332
5996,1328
5997,1320
5998,1308
5999,1292
6000,1274
6001,1254
6002,1235
6003,1214
6004,1194
6005,1174
6006,1155
6007,1139
6008,1124
6009,1112
6010,1103
6011,1097
6012,1092
6013,1093
6014,1099
6015,1107
6016,1117
6017,1131
6018,1147
6019,1166
6020,1185
6021,1205
6022,1226
6023,1245
6024,1264
6025,1282
6026,1298
6027,1311
6028,1322
6029,1329
6030,1333
6031,1332
6032,1328
6033,1321
6034,1309
6035,1296
6036,1279
6037,1262
6038,1241
6039,1221
6040,1200
6041,1181
6042,1161
6043,1142
6044,1126
6045,1114
6046,1105
6047,1097
6048,1092
6049,1093
6050,1095
6051,1101
6052,1112
6053,1125
6054,1140
6055,1159
6056,1176
6057,1196
6058,1217
6059,1237
6060,1256
6061,1276
6062,1294
6063,1309
6064,1320
6065,1327
6066,1333
6067,1334
6068,1330
6069,1325
6070,1315
6071,1302
6072,1288
6073,1271
6074,1253
6075,1232
6076,1210
6077,1189
6078,1169
6079,1150
6080,1133
6081,1120
6082,1108
6083,1099
6084,1094
6085,1093
6086,1096
6087,1102
6088,1111
6089,1122
6090,1136
6091,1152
6092,1170
6093,1189
6094,1209
6095,1229
6096,1248
6097,1268
6098,1286
6099,1302
6100,1314
6101,1322
6102,1329
6103,1334
6104,1333
6105,1326
6106,1319
6107,1307
6108,1291
6109,1274
6110,1256
6111,1236
6112,1215
6113,1195
6114,1176
6115,1157
6116,1140
6117,1125
6118,1111
6119,1100
6120,1094
6121,1092
6122,1093
6123,1096
6124,1104
6125,1116
6126,1129
6127,1146
6128,1164
6129,1183
6130,1202
6131,1223
6132,1244
6133,1260
6134,1279
6135,1297
6136,1311
6137,1322
6138,1330
6139,1333
6140,1333
6141,1329
6142,1322
6143,1311
6144,1298
6145,1282
6146,1263
6147,1243
6148,1224
6149,1202
6150,1182
6151,1163
6152,1143
6153,1128
6154,1115
6155,1106
6156,1098
6157,1093
6158,1093
6159,1096
6160,1103
6161,1112
6162,1124
6163,1139
6164,1156
6165,1175
6166,1194
6167,1215
6168,1236
6169,1256
6170,1274
6171,1290
6172,1304
6173,1317
6174,1326
6175,1331
6176,1333
6177,1331
6178,1325
6179,1316
6180,1304
6181,1290
6182,1273
6183,1253
6184,1231
6185,1210
6186,1189
6187,1172
6188,1153
6189,1135
6190,1120
6191,1109
6192,1100
6193,1094
6194,1092
6195,1093
6196,1099
6197,1105
6198,1117
6199,1132
6200,1148
6201,1167
6202,1187
6203,1207
6204,1227
6205,1248
6206,1268
6207,1286
6208,1302
6209,1314
6210,1323
6211,1330
6212,1333
6213,1333
6214,1329
6215,1321
6216,1309
6217,1295
6218,1277
6219,1258
6220,1236
6221,1216
6222,1195
6223,1175
6224,1156
6225,1140
6226,1124
6227,1111
6228,1103
6229,1096
6230,1092
6231,1093
6232,1096
6233,1103
6234,1113
6235,1127
6236,1143
6237,1161
6238,1182
6239,1202
6240,1222
6241,1242
6242,1261
6243,1279
6244,1294
6245,1308
6246,1319
6247,1326
6248,1330
6249,1331
6250,1328
6251,1321
6252,1311
6253,1300
6254,1283
6255,1266
6256,1248
6257,1227
6258,1207
6259,1187
6260,1166
6261,1148
6262,1131
6263,1118
6264,1108
6265,1100
6266,1095
6267,1092
6268,1094
6269,1102
6270,1111
6271,1123
6272,1138
6273,1155
6274,1175
6275,1193
6276,1213
6277,1234
6278,1254
6279,1271
6280,1289
6281,1304
6282,1315
6283,1324
6284,1329
6285,1332
6286,1331
6287,1324
6288,1317
6289,1305
6290,1290
6291,1272
6292,1253
6293,1233
6294,1213
6295,1190
6296,1170
6297,1151
6298,1135
6299,1120
6300,1109
6301,1101
6302,1096
6303,1093
6304,1094
6305,1099
6306,1105
6307,1117
6308,1131
6309,1147
6310,1166
6311,1186
6312,1207
6313,1228
6314,1248
6315,1267
6316,1283
6317,1300
6318,1313
6319,1324
6320,1331
6321,1333
6322,1331
6323,1327
6324,1321
6325,1310
6326,1294
6327,1277
6328,1259
6329,1240
6330,1220
6331,1199
6332,1179
6333,1160
6334,1144
6335,1128
6336,1117
6337,1107
6338,1099
6339,1094
6340,1093
6341,1096
6342,1104
6343,1114
6344,1126
6345,1141
6346,1158
6347,1178
6348,1198
6349,1218
6350,1239
6351,1259
6352,1278
6353,1294
6354,1308
6355,1319
6356,1327
6357,1330
6358,1331
6359,1330
6360,1323
6361,1315
6362,1302
6363,1285
6364,1268
6365,1248
6366,1228
6367,1209
6368,1188
6369,1168
6370,1149
6371,1134
6372,1119
6373,1107
6374,1099
6375,1095
6376,1093
6377,1095
6378,1101
6379,1110
6380,1120
6381,1136
6382,1153
6383,1170
6384,1189
6385,1211
6386,1232
6387,1252
6388,1272
6389,1289
6390,1304
6391,1316
6392,1325
6393,1332
6394,1334
6395,1333
6396,1329
6397,1319
6398,1307
6399,1291
6400,1275
6401,1256
6402,1236
6403,1214
6404,1193
6405,1174
6406,1155
6407,1137
6408,1122
6409,1110
6410,1101
6411,1095
6412,1093
6413,1094
6414,1100
6415,1107
6416,1118
6417,1131
6418,1148
6419,1166
6420,1185
6421,1204
6422,1225
6423,1244
6424,1263
6425,1281
6426,1298
6427,1312
6428,1321
6429,1328
6430,1332
6431,1331
6432,1327
6433,1320
6434,1310
6435,1295
6436,1278
6437,1260
6438,1241
6439,1221
6440,1200
6441,1180
6442,1162
6443,1144
6444,1130
6445,1117
6446,1106
6447,1098
6448,1094
6449,1094
6450,1098
6451,1104
6452,1112
6453,1124
6454,1139
6455,1157
6456,1177
6457,1198
6458,1218
6459,1237
6460,1257
6461,1275
6462,1292
6463,1307
6464,1320
6465,1328
6466,1330
6467,1333
6468,1331
6469,1325
6470,1314
6471,1303
6472,1288
6473,1269
6474,1249
6475,1229
6476,1209
6477,1189
6478,1169
6479,1150
6480,1132
6481,1118
6482,1107
6483,1099
6484,1096
6485,1094
6486,1096
6487,1102
6488,1110
6489,1120
6490,1135
6491,1151
6492,1170
6493,1190
6494,1209
6495,1229
6496,1250
6497,1268
6498,1285
6499,1299
6500,1314
6501,1324
6502,1330
6503,1332
6504,1332
6505,1327
6506,1318
6507,1307
6508,1293
6509,1276
6510,1257
6511,1236
6512,1217
6513,1197
6514,1176
6515,1156
6516,1139
6517,1124
6518,1112
6519,1102
6520,1096
6521,1093
6522,1094
6523,1099
6524,1106
6525,1117
6526,1129
6527,1144
6528,1162
6529,1181
6530,1200
6531,1220
6532,1242
6533,1262
6534,1280
6535,1298
6536,1312
6537,1323
6538,1329
6539,1334
6540,1333
6541,1329
6542,1321
6543,1312
6544,1298
6545,1281
6546,1262
6547,1242
6548,1222
6549,1202
6550,1181
6551,1163
6552,1145
6553,1129
6554,1117
6555,1108
6556,1100
6557,1095
6558,1092
6559,1094
6560,1100
6561,1111
6562,1124
6563,1141
6564,1159
6565,1177
6566,1195
6567,1216
6568,1235
6569,1256
6570,1275
6571,1292
6572,1306
6573,1317
6574,1327
6575,1332
6576,1334
6577,1332
6578,1325
6579,1315
6580,1305
6581,1290
6582,1272
6583,1253
6584,1231
6585,1212
6586,1192
6587,1172
6588,1152
6589,1135
6590,1121
6591,1110
6592,1100
6593,1094
6594,1093
6595,1094
6596,1099
6597,1107
6598,1118
6599,1133
6600,1149
6601,1168
6602,1188
6603,1208
6604,1228
6605,1247
6606,1266
6607,1283
6608,1300
6609,1313
6610,1324
6611,1330
6612,1332
6613,1330
6614,1326
6615,1317
6616,1308
6617,1294
6618,1276
6619,1257
6620,1238
6621,1218
6622,1199
6623,1179
6624,1160
6625,1143
6626,1126
6627,1112
6628,1103
6629,1095
6630,1092
6631,1092
6632,1096
6633,1104
6634,1114
6635,1127
6636,1144
6637,1161
6638,1180
6639,1200
6640,1222
6641,1243
6642,1262
6643,1280
6644,1296
6645,1309
6646,1321
6647,1328
6648,1331
6649,1332
6650,1328
6651,1323
6652,1311
6653,1298
6654,1281
6655,1264
6656,1246
6657,1224
6658,1204
6659,1184
6660,1165
6661,1147
6662,1129
6663,1115
6664,1104
6665,1099
6666,1095
6667,1093
6668,1095
6669,1101
6670,1111
6671,1124
6672,1139
6673,1156
6674,1174
6675,1193
6676,1214
6677,1233
6678,1252
6679,1272
6680,1291
6681,1306
6682,1318
6683,1326
6684,1331
6685,1332
6686,1330
6687,1325
6688,1317
6689,1306
6690,1290
6691,1272
6692,1253
6693,1233
6694,1211
6695,1190
6696,1170
6697,1152
6698,1136
6699,1121
6700,1108
6701,1101
6702,1096
6703,1093
6704,1094
6705,1099
6706,1106
6707,1118
6708,1132
6709,1148
6710,1167
6711,1186
6712,1207
6713,1226
6714,1246
6715,1266
6716,1284
6717,1301
6718,1313
6719,1322
6720,1329
6721,1332
6722,1332
6723,1329
6724,1322
6725,1310
6726,1296
6727,1279
6728,1260
6729,1241
6730,1220
6731,1200
6732,1180
6733,1161
6734,1143
6735,1128
6736,1115
6737,1106
6738,1099
6739,1095
6740,1092
6741,1097
6742,1104
6743,1113
6744,1127
6745,1143
6746,1161
6747,1179
6748,1200
6749,1220
6750,1240
6751,1260
6752,1279
6753,1296
6754,1310
6755,1320
6756,1329
6757,1332
6758,1333
6759,1329
6760,1322
6761,1315
6762,1301
6763,1286
6764,1267
6765,1248
6766,1227
6767,1207
6768,1186
6769,1166
6770,1149
6771,1132
6772,1118
6773,1107
6774,1099
6775,1095
6776,1093
6777,1095
6778,1102
6779,1110
6780,1121
6781,1136
6782,1152
6783,1170
6784,1192
6785,1214
6786,1234
6787,1255
6788,1272
6789,1288
6790,1301
6791,1315
6792,1324
6793,1329
6794,1332
6795,1330
6796,1326
6797,1319
6798,1307
6799,1292
6800,1275
6801,1255
6802,1234
6803,1214
6804,1194
6805,1174
6806,1155
6807,1137
6808,1121
6809,1110
6810,1101
6811,1096
6812,1093
6813,1095
6814,1099
6815,1106
6816,1117
6817,1132
6818,1147
6819,1165
6820,1186
6821,1205
6822,1225
6823,1245
6824,1264
6825,1281
6826,1298
6827,1311
6828,1321
6829,1328
6830,1332
6831,1333
6832,1329
6833,1319
6834,1308
6835,1295
6836,1279
6837,1260
6838,1242
6839,1222
6840,1202
6841,1181
6842,1161
6843,1145
6844,1129
6845,1115
6846,1104
6847,1099
6848,1094
6849,1092
6850,1095
6851,1102
6852,1113
6853,1127
6854,1143
6855,1160
6856,1178
6857,1196
6858,1216
6859,1237
6860,1256
6861,1275
6862,1292
6863,1306
6864,1318
6865,1328
6866,1332
6867,1334
6868,1331
6869,1325
6870,1316
6871,1303
6872,1287
6873,1269
6874,1249
6875,1230
6876,1208
6877,1189
6878,1169
6879,1150
6880,1132
6881,1118
6882,1106
6883,1098
6884,1093
6885,1091
6886,1093
6887,1099
6888,1108
6889,1119
6890,1135
6891,1151
6892,1169
6893,1190
6894,1210
6895,1229
6896,1249
6897,1268
6898,1285
6899,1302
6900,1314
6901,1323
6902,1329
6903,1332
6904,1330
6905,1326
6906,1319
6907,1308
6908,1293
6909,1275
6910,1256
6911,1235
6912,1214
6913,1196
6914,1175
6915,1157
6916,1139
6917,1124
6918,1113
6919,1103
6920,1096
6921,1094
6922,1094
6923,1099
6924,1107
6925,1117
6926,1128
6927,1144
6928,1161
6929,1181
6930,1202
6931,1222
6932,1243
6933,1263
6934,1280
6935,1298
6936,1312
6937,1322
6938,1329
6939,1333
6940,1333
6941,1329
6942,1322
6943,1311
6944,1299
6945,1282
6946,1264
6947,1246
6948,1226
6949,1205
6950,1185
6951,1165
6952,1146
6953,1130
6954,1117
6955,1105
6956,1097
6957,1093
6958,1093
6959,1095
6960,1101
6961,1112
6962,1124
6963,1139
6964,1156
6965,1176
6966,1196
6967,1216
6968,1235
6969,1255
6970,1274
6971,1292
6972,1307
6973,1318
6974,1327
6975,1332
6976,1332
6977,1331
6978,1325
6979,1317
6980,1304
6981,1287
6982,1269
6983,1251
6984,1229
6985,1209
6986,1188
6987,1168
6988,1149
6989,1133
6990,1120
6991,1110
6992,1102
6993,1096
6994,1094
6995,1096
6996,1100
6997,1107
6998,1120
6999,1134
7000,1150
7001,1169
7002,1188
7003,1208
7004,1228
7005,1249
7006,1268
7007,1286
7008,1302
7009,1315
7010,1325
7011,1331
7012,1333
7013,1332
7014,1327
7015,1319
7016,1308
7017,1293
7018,1276
7019,1258
7020,1238
7021,1218
7022,1197
7023,1178
7024,1160
7025,1142
7026,1126
7027,1112
7028,1102
7029,1096
7030,1093
7031,1093
7032,1096
7033,1105
7034,1115
7035,1128
7036,1144
7037,1162
7038,1180
7039,1200
7040,1222
7041,1242
7042,1262
7043,1280
7044,1295
7045,1309
7046,1320
7047,1328
7048,1331
7049,1331
7050,1328
7051,1322
7052,1313
7053,1300
7054,1285
7055,1266
7056,1247
7057,1225
7058,1204
7059,1184
7060,1166
7061,1147
7062,1131
7063,1118
7064,1107
7065,1098
7066,1094
7067,1092
7068,1095
7069,1102
7070,1111
7071,1123
7072,1136
7073,1154
7074,1174
7075,1194
7076,1213
7077,1234
7078,1254
7079,1272
7080,1290
7081,1306
7082,1317
7083,1326
7084,1331
7085,1332
7086,1330
7087,1326
7088,1317
7089,1304
7090,1287
7091,1270
7092,1250
7093,1232
7094,1212
7095,1191
7096,1172
7097,1153
7098,1137
7099,1123
7100,1111
7101,1101
7102,1095
7103,1092
7104,1094
7105,1098
7106,1105
7107,1116
7108,1130
7109,1147
7110,1166
7111,1184
7112,1204
7113,1226
7114,1248
7115,1268
7116,1285
7117,1301
7118,1315
7119,1325
7120,1329
7121,1333
7122,1331
7123,1327
7124,1319
7125,1309
7126,1296
7127,1279
7128,1262
7129,1241
7130,1219
7131,1199
7132,1180
7133,1161
7134,1142
7135,1127
7136,1114
7137,1106
7138,1097
7139,1093
7140,1094
7141,1099
7142,1107
7143,1115
7144,1128
7145,1142
7146,1162
7147,1181
7148,1201
7149,1220
7150,1240
7151,1259
7152,1278
7153,1293
7154,1307
7155,1317
7156,1325
7157,1330
7158,1331
7159,1329
7160,1323
7161,1313
7162,1301
7163,1285
7164,1267
7165,1248
7166,1227
7167,1207
7168,1185
7169,1165
7170,1148
7171,1130
7172,1118
7173,1107
7174,1098
7175,1094
7176,1092
7177,1093
7178,1099
7179,1109
7180,1122
7181,1137
7182,1154
7183,1171
7184,1190
7185,1212
7186,1233
7187,1253
7188,1272
7189,1290
7190,1305
7191,1316
7192,1325
7193,1331
7194,1334
7195,1333
7196,1328
7197,1318
7198,1306
7199,1291
7200,1273
7201,1255
7202,1235
7203,1215
7204,1195
7205,1176
7206,1156
7207,1138
7208,1123
7209,1110
7210,1101
7211,1096
7212,1092
7213,1095
7214,1099
7215,1106
7216,1117
7217,1129
7218,1145
7219,1165
7220,1184
7221,1205
7222,1225
7223,1245
7224,1264
7225,1282
7226,1298
7227,1312
7228,1323
7229,1330
7230,1333
7231,1333
7232,1327
7233,1320
7234,1309
7235,1296
7236,1281
7237,1262
7238,1243
7239,1221
7240,1200
7241,1180
7242,1160
7243,1143
7244,1128
7245,1115
7246,1106
7247,1100
7248,1095
7249,1094
7250,1096
7251,1103
7252,1113
7253,1124
7254,1139
7255,1157
7256,1175
7257,1196
7258,1217
7259,1237
7260,1257
7261,1277
7262,1294
7263,1309
7264,1320
7265,1327
7266,1331
7267,1331
7268,1330
7269,1324
7270,1314
7271,1301
7272,1285
7273,1267
7274,1249
7275,1230
7276,1210
7277,1188
7278,1168
7279,1149
7280,1133
7281,1120
7282,1109
7283,1100
7284,1095
7285,1093
7286,1093
7287,1100
7288,1109
7289,1122
7290,1135
7291,1151
7292,1170
7293,1190
7294,1211
7295,1230
7296,1249
7297,1268
7298,1286
7299,1301
7300,1313
7301,1324
7302,1330
7303,1334
7304,1333
7305,1329
7306,1320
7307,1308
7308,1293
7309,1275
7310,1257
7311,1237
7312,1217
7313,1197
7314,1177
7315,1160
7316,1142
7317,1125
7318,1111
7319,1102
7320,1096
7321,1092
7322,1094
7323,1098
7324,1106
7325,1116
7326,1129
7327,1144
7328,1163
7329,1182
7330,1203
7331,1223
7332,1245
7333,1263
7334,1280
7335,1297
7336,1311
7337,1323
7338,1329
7339,1332
7340,1332
7341,1330
7342,1322
7343,1311
7344,1298
7345,1281
7346,1262
7347,1243
7348,1224
7349,1205
7350,1185
7351,1166
7352,1149
7353,1132
7354,1118
7355,1107
7356,1099
7357,1093
7358,1093
7359,1096
7360,1103
7361,1110
7362,1123
7363,1137
7364,1154
7365,1174
7366,1193
7367,1214
7368,1234
7369,1254
7370,1273
7371,1290
7372,1305
7373,1317
7374,1325
7375,1330
7376,1333
7377,1331
7378,1325
7379,1316
7380,1304
7381,1289
7382,1271
7383,1252
7384,1231
7385,1210
7386,1190
7387,1171
7388,1152
7389,1136
7390,1122
7391,1110
7392,1100
7393,1096
7394,1095
7395,1096
7396,1099
7397,1108
7398,1117
7399,1131
7400,1149
7401,1169
7402,1187
7403,1207
7404,1229
7405,1248
7406,1268
7407,1286
7408,1301
7409,1314
7410,1323
7411,1330
7412,1334
7413,1331
7414,1327
7415,1319
7416,1308
7417,1294
7418,1276
7419,1256
7420,1238
7421,1219
7422,1199
7423,1180
7424,1160
7425,1143
7426,1128
7427,1113
7428,1103
7429,1098
7430,1094
7431,1094
7432,1098
7433,1105
7434,1114
7435,1127
7436,1143
7437,1162
7438,1181
7439,1201
7440,1221
7441,1240
7442,1260
7443,1278
7444,1295
7445,1309
7446,1321
7447,1330
7448,1334
7449,1333
7450,1329
7451,1324
7452,1312
7453,1298
7454,1283
7455,1265
7456,1246
7457,1226
7458,1205
7459,1186
7460,1165
7461,1146
7462,1130
7463,1118
7464,1107
7465,1099
7466,1094
7467,1092
7468,1094
7469,1100
7470,1107
7471,1119
7472,1135
7473,1153
7474,1172
7475,1192
7476,1213
7477,1233
7478,1253
7479,1273
7480,1289
7481,1305
7482,1318
7483,1326
7484,1331
7485,1333
7486,1331
7487,1326
7488,1316
7489,1305
7490,1290
7491,1272
7492,1252
7493,1232
7494,1212
7495,1191
7496,1172
7497,1154
7498,1138
7499,1122
7500,1111
7501,1101
7502,1095
7503,1091
7504,1093
7505,1097
7506,1107
7507,1120
7508,1134
7509,1149
7510,1167
7511,1187
7512,1208
7513,1227
7514,1246
7515,1264
7516,1283
7517,1299
7518,1312
7519,1321
7520,1329
7521,1333
7522,1332
7523,1329
7524,1320
7525,1310
7526,1295
7527,1278
7528,1260
7529,1240
7530,1221
7531,1201
7532,1180
7533,1159
7534,1141
7535,1127
7536,1115
7537,1106
7538,1099
7539,1095
7540,1094
7541,1096
7542,1102
7543,1114
7544,1127
7545,1143
7546,1158
7547,1177
7548,1198
7549,1218
7550,1238
7551,1258
7552,1276
7553,1294
7554,1308
7555,1320
7556,1328
7557,1333
7558,1333
7559,1330
7560,1324
7561,1314
7562,1302
7563,1286
7564,1266
7565,1248
7566,1227
7567,1208
7568,1189
7569,1166
7570,1147
7571,1131
7572,1118
7573,1107
7574,1099
7575,1095
7576,1093
7577,1094
7578,1099
7579,1108
7580,1120
7581,1137
7582,1153
7583,1173
7584,1192
7585,1213
7586,1234
7587,1254
7588,1272
7589,1290
7590,1305
7591,1317
7592,1326
7593,1332
7594,1334
7595,1333
7596,1328
7597,1319
7598,1308
7599,1292
7600,1274
7601,1255
7602,1234
7603,1215
7604,1194
7605,1174
7606,1155
7607,1137
7608,1123
7609,1110
7610,1101
7611,1096
7612,1095
7613,1095
7614,1098
7615,1105
7616,1116
7617,1129
7618,1145
7619,1163
7620,1182
7621,1203
7622,1224
7623,1245
7624,1264
7625,1282
7626,1299
7627,1311
7628,1321
7629,1328
7630,1333
7631,1331
7632,1328
7633,1321
7634,1310
7635,1296
7636,1280
7637,1261
7638,1241
7639,1220
7640,1199
7641,1180
7642,1161
7643,1144
7644,1128
7645,1116
7646,1106
7647,1099
7648,1095
7649,1094
7650,1097
7651,1105
7652,1114
7653,1126
7654,1140
7655,1158
7656,1177
7657,1196
7658,1218
7659,1238
7660,1258
7661,1277
7662,1295
7663,1309
7664,1320
7665,1328
7666,1333
7667,1334
7668,1331
7669,1326
7670,1316
7671,1303
7672,1288
7673,1270
7674,1252
7675,1232
7676,1211
7677,1190
7678,1170
7679,1151
7680,1134
7681,1121
7682,1111
7683,1101
7684,1095
7685,1093
7686,1095
7687,1101
7688,1110
7689,1121
7690,1135
7691,1152
7692,1172
7693,1190
7694,1211
7695,1231
7696,1251
7697,1270
7698,1287
7699,1303
7700,1314
7701,1323
7702,1329
7703,1332
7704,1331
7705,1326
7706,1317
7707,1306
7708,1293
7709,1276
7710,1255
7711,1237
7712,1215
7713,1195
7714,1176
7715,1156
7716,1140
7717,1125
7718,1112
7719,1103
7720,1098
7721,1094
7722,1095
7723,1097
7724,1104
7725,1115
7726,1128
7727,1143
7728,1162
7729,1183
7730,1202
7731,1221
7732,1242
7733,1261
7734,1279
7735,1295
7736,1310
7737,1321
7738,1328
7739,1333
7740,1333
7741,1329
7742,1323
7743,1312
7744,1299
7745,1283
7746,1264
7747,1244
7748,1224
7749,1204
7750,1184
7751,1164
7752,1145
7753,1130
7754,1117
7755,1107
7756,1099
7757,1093
7758,1092
7759,1096
7760,1102
7761,1111
7762,1123
7763,1137
7764,1154
7765,1174
7766,1194
7767,1215
7768,1235
7769,1254
7770,1273
7771,1291
7772,1304
7773,1317
7774,1326
7775,1332
7776,1333
7777,1329
7778,1324
7779,1316
7780,1305
7781,1290
7782,1271
7783,1251
7784,1231
7785,1210
7786,1190
7787,1170
7788,1152
7789,1134
7790,1120
7791,1108
7792,1100
7793,1095
7794,1093
7795,1095
7796,1101
7797,1109
7798,1119
7799,1133
7800,1149
7801,1167
7802,1188
7803,1208
7804,1227
7805,1247
7806,1267
7807,1284
7808,1300
7809,1313
7810,1323
7811,1329
7812,1332
7813,1334
7814,1329
7815,1320
7816,1308
7817,1294
7818,1277
7819,1257
7820,1238
7821,1218
7822,1198
7823,1179
7824,1160
7825,1141
7826,1125
7827,1114
7828,1103
7829,1096
7830,1093
7831,1094
7832,1097
7833,1105
7834,1115
7835,1127
7836,1141
7837,1160
7838,1179
7839,1200
7840,1221
7841,1239
7842,1259
7843,1279
7844,1295
7845,1309
7846,1320
7847,1328
7848,1332
7849,1332
7850,1330
7851,1324
7852,1312
7853,1299
7854,1284
7855,1266
7856,1246
7857,1226
7858,1207
7859,1185
7860,1165
7861,1148
7862,1131
7863,1116
7864,1107
7865,1099
7866,1095
7867,1094
7868,1096
7869,1103
7870,1111
7871,1123
7872,1138
7873,1154
7874,1173
7875,1193
7876,1214
7877,1234
7878,1254
7879,1272
7880,1290
7881,1305
7882,1318
7883,1327
7884,1331
7885,1333
7886,1331
7887,1323
7888,1314
7889,1302
7890,1288
7891,1271
7892,1253
7893,1234
7894,1214
7895,1193
7896,1174
7897,1154
7898,1136
7899,1121
7900,1109
7901,1100
7902,1094
7903,1091
7904,1093
7905,1099
7906,1109
7907,1120
7908,1133
7909,1148
7910,1166
7911,1187
7912,1208
7913,1228
7914,1248
7915,1267
7916,1284
7917,1300
7918,1313
7919,1323
7920,1329
7921,1332
7922,1331
7923,1328
7924,1321
7925,1310
7926,1296
7927,1279
7928,1260
7929,1241
7930,1221
7931,1200
7932,1180
7933,1160
7934,1143
7935,1127
7936,1115
7937,1105
7938,1097
7939,1094
7940,1094
7941,1098
7942,1104
7943,1114
7944,1128
7945,1143
7946,1158
7947,1177
7948,1198
7949,1219
7950,1238
7951,1260
7952,1279
7953,1295
7954,1309
7955,1321
7956,1328
7957,1331
7958,1332
7959,1330
7960,1324
7961,1313
7962,1300
7963,1284
7964,1266
7965,1247
7966,1227
7967,1206
7968,1186
7969,1167
7970,1149
7971,1134
7972,1120
7973,1108
7974,1100
7975,1095
7976,1092
7977,1095
7978,1100
7979,1108
7980,1121
7981,1135
7982,1152
7983,1170
7984,1192
7985,1212
7986,1233
7987,1253
7988,1272
7989,1289
7990,1304
7991,1316
7992,1324
7993,1330
7994,1333
7995,1333
7996,1328
7997,1320
7998,1307
7999,1291
8000,1275
8001,1256
8002,1235
8003,1216
8004,1194
8005,1174
8006,1154
8007,1138
8008,1122
8009,1110
8010,1102
8011,1095
8012,1093
8013,1094
8014,1098
8015,1107
8016,1116
8017,1129
8018,1146
8019,1164
8020,1184
8021,1203
8022,1224
8023,1246
8024,1267
8025,1283
8026,1299
8027,1312
8028,1322
8029,1330
8030,1333
8031,1332
8032,1328
8033,1321
8034,1310
8035,1297
8036,1281
8037,1263
8038,1243
8039,1223
8040,1203
8041,1182
8042,1163
8043,1146
8044,1129
8045,1115
8046,1105
8047,1098
8048,1093
8049,1093
8050,1096
8051,1102
8052,1112
8053,1125
8054,1140
8055,1158
8056,1177
8057,1197
8058,1219
8059,1239
8060,1258
8061,1277
8062,1294
8063,1308
8064,1319
8065,1327
8066,1333
8067,1334
8068,1330
8069,1325
8070,1315
8071,1303
8072,1288
8073,1270
8074,1249
8075,1228
8076,1208
8077,1188
8078,1168
8079,1150
8080,1133
8081,1119
8082,1107
8083,1099
8084,1095
8085,1093
8086,1094
8087,1101
8088,1109
8089,1119
8090,1134
8091,1151
8092,1168
8093,1190
8094,1211
8095,1231
8096,1250
8097,1269
8098,1288
8099,1305
8100,1316
8101,1324
8102,1331
8103,1333
8104,1331
8105,1327
8106,1317
8107,1305
8108,1291
8109,1274
8110,1256
8111,1235
8112,1215
8113,1196
8114,1176
8115,1156
8116,1140
8117,1126
8118,1114
8119,1104
8120,1097
8121,1094
8122,1093
8123,1096
8124,1105
8125,1115
8126,1129
8127,1146
8128,1163
8129,1182
8130,1202
8131,1223
8132,1243
8133,1263
8134,1282
8135,1298
8136,1311
8137,1321
8138,1329
8139,1333
8140,1333
8141,1331
8142,1324
8143,1314
8144,1299
8145,1282
8146,1264
8147,1243
8148,1223
8149,1203
8150,1183
8151,1164
8152,1145
8153,1129
8154,1116
8155,1106
8156,1099
8157,1094
8158,1094
8159,1095
8160,1103
8161,1112
8162,1126
8163,1140
8164,1157
8165,1174
8166,1194
8167,1216
8168,1236
8169,1256
8170,1275
8171,1291
8172,1304
8173,1316
8174,1326
8175,1333
8176,1334
8177,1330
8178,1325
8179,1316
8180,1304
8181,1288
8182,1269
8183,1251
8184,1230
8185,1210
8186,1189
8187,1170
8188,1152
8189,1134
8190,1121
8191,1109
8192,1101
